SET session_replication_role = replica;

--
-- PostgreSQL database dump
--

-- \restrict SF9SRy7RJYAnKH7a7ZDWQCfaEVHNiRWHAUeZEWQINWUbm1d9flhAbAmZX394dJ4

-- Dumped from database version 17.6
-- Dumped by pg_dump version 17.6

SET statement_timeout = 0;
SET lock_timeout = 0;
SET idle_in_transaction_session_timeout = 0;
SET transaction_timeout = 0;
SET client_encoding = 'UTF8';
SET standard_conforming_strings = on;
SELECT pg_catalog.set_config('search_path', '', false);
SET check_function_bodies = false;
SET xmloption = content;
SET client_min_messages = warning;
SET row_security = off;

--
-- Data for Name: audit_log_entries; Type: TABLE DATA; Schema: auth; Owner: supabase_auth_admin
--



--
-- Data for Name: custom_oauth_providers; Type: TABLE DATA; Schema: auth; Owner: supabase_auth_admin
--



--
-- Data for Name: flow_state; Type: TABLE DATA; Schema: auth; Owner: supabase_auth_admin
--



--
-- Data for Name: users; Type: TABLE DATA; Schema: auth; Owner: supabase_auth_admin
--

INSERT INTO "auth"."users" ("instance_id", "id", "aud", "role", "email", "encrypted_password", "email_confirmed_at", "invited_at", "confirmation_token", "confirmation_sent_at", "recovery_token", "recovery_sent_at", "email_change_token_new", "email_change", "email_change_sent_at", "last_sign_in_at", "raw_app_meta_data", "raw_user_meta_data", "is_super_admin", "created_at", "updated_at", "phone", "phone_confirmed_at", "phone_change", "phone_change_token", "phone_change_sent_at", "email_change_token_current", "email_change_confirm_status", "banned_until", "reauthentication_token", "reauthentication_sent_at", "is_sso_user", "deleted_at", "is_anonymous") VALUES
	('00000000-0000-0000-0000-000000000000', 'ff220f11-7804-4667-b17d-243c6066ae8c', 'authenticated', 'authenticated', 'romy.gerber@artis-gmbh.ch', '$2a$10$kQWwkHvXZqiQ1a8z1vGu6OkIc9AHa5txgVxtyKlg7xDMchBLUGTne', '2026-03-05 15:16:07.74378+00', '2026-03-04 16:31:27.416384+00', '', NULL, '', NULL, '', '', NULL, '2026-04-13 15:16:54.734401+00', '{"provider": "email", "providers": ["email"]}', '{"email_verified": true}', NULL, '2026-03-04 16:31:27.376426+00', '2026-04-22 13:04:15.633667+00', NULL, NULL, '', '', NULL, '', 0, NULL, '', NULL, false, NULL, false),
	('00000000-0000-0000-0000-000000000000', 'ebac33f8-7fc7-40ca-97ca-2112788265e7', 'authenticated', 'authenticated', 'sascha.bigger@artis-gmbh.ch', '$2a$10$oqyx2cWsJj9xe0AoZkJMd.8YGRWFujy8jsqI1cM884pLuSxB87lx.', '2026-03-02 10:13:58.030545+00', NULL, '', NULL, '', NULL, '', '', NULL, '2026-04-22 12:16:23.711125+00', '{"provider": "email", "providers": ["email"]}', '{"email_verified": true}', NULL, '2026-03-02 10:13:57.99414+00', '2026-04-22 20:36:52.636624+00', NULL, NULL, '', '', NULL, '', 0, NULL, '', NULL, false, NULL, false),
	('00000000-0000-0000-0000-000000000000', '10d71f96-e8ba-48e7-be60-25fc0330fd17', 'authenticated', 'authenticated', 'isabella@artis-gmbh.ch', '$2a$10$Btlb49U5xF3cStd20p47.OSkyurdV2IL1T19L0wCe.fukQXgR0ABS', '2026-03-20 07:17:36.070337+00', '2026-03-20 06:54:37.854875+00', '', NULL, '', NULL, '', '', NULL, '2026-04-01 06:19:11.009889+00', '{"provider": "email", "providers": ["email"]}', '{"email_verified": true}', NULL, '2026-03-20 06:54:37.769646+00', '2026-04-21 11:02:20.852858+00', NULL, NULL, '', '', NULL, '', 0, NULL, '', NULL, false, NULL, false),
	('00000000-0000-0000-0000-000000000000', 'd091f2d5-c8ec-4d60-9074-d8e6ee9e3a48', 'authenticated', 'authenticated', 'info@brsoft.ch', '$2a$10$I23IRVASDBelDQP8OL6uxuE7TQlCzaQ2vI2/dlEke/mctPS9/jHRe', '2026-03-27 14:44:16.378552+00', '2026-03-27 14:43:40.726871+00', '', NULL, '4520e86fb31496905ef068682bd05d27e656f40ad7128d2c1d50f31d', '2026-03-28 17:50:54.602341+00', '', '', NULL, '2026-04-13 18:34:46.534028+00', '{"provider": "email", "providers": ["email"]}', '{"email_verified": true}', NULL, '2026-03-27 14:43:40.621525+00', '2026-04-13 18:35:02.819481+00', NULL, NULL, '', '', NULL, '', 0, NULL, '', NULL, false, NULL, false),
	('00000000-0000-0000-0000-000000000000', '4928d9b5-ab36-4382-bec3-136edbef7314', 'authenticated', 'authenticated', 'maura.fuster@artis-gmbh.ch', '$2a$10$m6xmqzxts2Z69CnhclpQCueepjxNz8yXN59kCPDtt0mSeKd8MwAiq', '2026-03-06 11:09:27.419003+00', '2026-03-06 11:09:11.198785+00', '', NULL, '', '2026-03-23 13:57:25.640939+00', '', '', NULL, '2026-03-23 13:57:41.996478+00', '{"provider": "email", "providers": ["email"]}', '{"email_verified": true}', NULL, '2026-03-06 11:09:11.139874+00', '2026-04-22 06:15:43.812777+00', NULL, NULL, '', '', NULL, '', 0, NULL, '', NULL, false, NULL, false),
	('00000000-0000-0000-0000-000000000000', '193a7fb6-3ef1-4b67-906d-e20b40c57a7e', 'authenticated', 'authenticated', 'reto@artis-gmbh.ch', '$2a$10$7PFBVlYLAD5ZuTTiXztBTOG.sXG0NGc/2SNNtfMbPdEUQ0ViauOE6', '2026-03-30 06:39:06.104375+00', '2026-03-05 04:38:04.820117+00', '', NULL, '', NULL, '', '', NULL, '2026-03-30 11:56:16.458215+00', '{"provider": "email", "providers": ["email"]}', '{"email_verified": true}', NULL, '2026-03-05 04:38:04.756563+00', '2026-04-22 10:02:52.420418+00', NULL, NULL, '', '', NULL, '', 0, NULL, '', NULL, false, NULL, false);


--
-- Data for Name: identities; Type: TABLE DATA; Schema: auth; Owner: supabase_auth_admin
--

INSERT INTO "auth"."identities" ("provider_id", "user_id", "identity_data", "provider", "last_sign_in_at", "created_at", "updated_at", "id") VALUES
	('ebac33f8-7fc7-40ca-97ca-2112788265e7', 'ebac33f8-7fc7-40ca-97ca-2112788265e7', '{"sub": "ebac33f8-7fc7-40ca-97ca-2112788265e7", "email": "sascha.bigger@artis-gmbh.ch", "email_verified": false, "phone_verified": false}', 'email', '2026-03-02 10:13:58.020918+00', '2026-03-02 10:13:58.022182+00', '2026-03-02 10:13:58.022182+00', '2d0539df-0469-4388-9dbd-1715cd959665'),
	('ff220f11-7804-4667-b17d-243c6066ae8c', 'ff220f11-7804-4667-b17d-243c6066ae8c', '{"sub": "ff220f11-7804-4667-b17d-243c6066ae8c", "email": "romy.gerber@artis-gmbh.ch", "email_verified": false, "phone_verified": false}', 'email', '2026-03-04 16:31:27.410616+00', '2026-03-04 16:31:27.410683+00', '2026-03-04 16:31:27.410683+00', '17dd4c6e-ee71-4fe9-80fc-d98dd2a97b2e'),
	('193a7fb6-3ef1-4b67-906d-e20b40c57a7e', '193a7fb6-3ef1-4b67-906d-e20b40c57a7e', '{"sub": "193a7fb6-3ef1-4b67-906d-e20b40c57a7e", "email": "reto@artis-gmbh.ch", "email_verified": false, "phone_verified": false}', 'email', '2026-03-05 04:38:04.805216+00', '2026-03-05 04:38:04.805779+00', '2026-03-05 04:38:04.805779+00', '8ea33281-ae40-42e0-a0f1-d2bab33ea884'),
	('4928d9b5-ab36-4382-bec3-136edbef7314', '4928d9b5-ab36-4382-bec3-136edbef7314', '{"sub": "4928d9b5-ab36-4382-bec3-136edbef7314", "email": "maura.fuster@artis-gmbh.ch", "email_verified": true, "phone_verified": false}', 'email', '2026-03-06 11:09:11.190184+00', '2026-03-06 11:09:11.190972+00', '2026-03-06 11:09:11.190972+00', '9493a2b8-6c8c-40ac-94d5-e9c18adba020'),
	('d091f2d5-c8ec-4d60-9074-d8e6ee9e3a48', 'd091f2d5-c8ec-4d60-9074-d8e6ee9e3a48', '{"sub": "d091f2d5-c8ec-4d60-9074-d8e6ee9e3a48", "email": "info@brsoft.ch", "email_verified": true, "phone_verified": false}', 'email', '2026-03-27 14:43:40.716146+00', '2026-03-27 14:43:40.716223+00', '2026-03-27 14:43:40.716223+00', 'd7a77a34-68b9-4777-80ad-d8c6ae252077'),
	('10d71f96-e8ba-48e7-be60-25fc0330fd17', '10d71f96-e8ba-48e7-be60-25fc0330fd17', '{"sub": "10d71f96-e8ba-48e7-be60-25fc0330fd17", "email": "isabella@artis-gmbh.ch", "email_verified": true, "phone_verified": false}', 'email', '2026-03-20 06:54:37.841061+00', '2026-03-20 06:54:37.841686+00', '2026-03-20 06:54:37.841686+00', 'f638850c-4b25-427d-800d-9dbee236a3a4');


--
-- Data for Name: instances; Type: TABLE DATA; Schema: auth; Owner: supabase_auth_admin
--



--
-- Data for Name: oauth_clients; Type: TABLE DATA; Schema: auth; Owner: supabase_auth_admin
--



--
-- Data for Name: sessions; Type: TABLE DATA; Schema: auth; Owner: supabase_auth_admin
--

INSERT INTO "auth"."sessions" ("id", "user_id", "created_at", "updated_at", "factor_id", "aal", "not_after", "refreshed_at", "user_agent", "ip", "tag", "oauth_client_id", "refresh_token_hmac_key", "refresh_token_counter", "scopes") VALUES
	('180e748d-cc82-4960-8a9b-ad9f65124d15', '10d71f96-e8ba-48e7-be60-25fc0330fd17', '2026-03-20 07:20:11.469444+00', '2026-04-21 11:02:20.8664+00', NULL, 'aal1', NULL, '2026-04-21 11:02:20.866294', 'Mozilla/5.0 (Windows NT 10.0; Win64; x64) AppleWebKit/537.36 (KHTML, like Gecko) Chrome/147.0.0.0 Safari/537.36 Edg/147.0.0.0', '46.140.121.162', NULL, NULL, NULL, NULL, NULL),
	('b51ba5e2-af1a-4701-8610-a38fb153dfe4', '4928d9b5-ab36-4382-bec3-136edbef7314', '2026-03-23 13:57:41.996564+00', '2026-03-23 13:57:41.996564+00', NULL, 'aal1', NULL, NULL, 'Mozilla/5.0 (Windows NT 10.0; Win64; x64) AppleWebKit/537.36 (KHTML, like Gecko) Chrome/146.0.0.0 Safari/537.36', '46.140.121.162', NULL, NULL, NULL, NULL, NULL),
	('08e46580-b029-4701-a836-d1efb19fc51b', 'ebac33f8-7fc7-40ca-97ca-2112788265e7', '2026-04-16 10:23:32.586249+00', '2026-04-16 10:23:32.586249+00', NULL, 'aal1', NULL, NULL, 'Mozilla/5.0 (Windows NT 10.0; Win64; x64) AppleWebKit/537.36 (KHTML, like Gecko) Chrome/147.0.0.0 Safari/537.36', '62.202.165.34', NULL, NULL, NULL, NULL, NULL),
	('a529dc18-830a-4f48-bbde-c2cd7ed829a4', '193a7fb6-3ef1-4b67-906d-e20b40c57a7e', '2026-03-30 11:56:16.458322+00', '2026-03-31 15:59:36.184096+00', NULL, 'aal1', NULL, '2026-03-31 15:59:36.183981', 'Python-urllib/3.14', '46.140.121.162', NULL, NULL, NULL, NULL, NULL),
	('7a608724-1a1c-4b12-b1f9-431c8bd754b7', '193a7fb6-3ef1-4b67-906d-e20b40c57a7e', '2026-03-30 11:52:38.758419+00', '2026-04-22 10:02:52.435026+00', NULL, 'aal1', NULL, '2026-04-22 10:02:52.43428', 'Mozilla/5.0 (Windows NT 10.0; Win64; x64) AppleWebKit/537.36 (KHTML, like Gecko) Chrome/147.0.0.0 Safari/537.36 Edg/147.0.0.0', '46.140.121.162', NULL, NULL, NULL, NULL, NULL),
	('3fba54ee-37b8-4889-bf1d-ba2b5cb5c9f8', 'ebac33f8-7fc7-40ca-97ca-2112788265e7', '2026-04-16 09:32:26.856289+00', '2026-04-19 15:21:51.47058+00', NULL, 'aal1', NULL, '2026-04-19 15:21:51.470465', 'Mozilla/5.0 (Windows NT 10.0; Win64; x64) AppleWebKit/537.36 (KHTML, like Gecko) Chrome/147.0.0.0 Safari/537.36 Edg/147.0.0.0', '92.107.128.148', NULL, NULL, NULL, NULL, NULL),
	('a92fea2a-451d-4017-bb6c-e1d3b3ee676e', 'ff220f11-7804-4667-b17d-243c6066ae8c', '2026-04-09 11:15:17.455597+00', '2026-04-09 11:15:17.455597+00', NULL, 'aal1', NULL, NULL, 'Mozilla/5.0 (iPhone; CPU iPhone OS 18_7 like Mac OS X) AppleWebKit/605.1.15 (KHTML, like Gecko) Version/26.3 Mobile/15E148 Safari/604.1', '46.140.121.162', NULL, NULL, NULL, NULL, NULL),
	('5bcfc03d-e634-48b3-9799-34340fae3201', 'ff220f11-7804-4667-b17d-243c6066ae8c', '2026-03-05 18:55:47.997337+00', '2026-03-05 18:55:47.997337+00', NULL, 'aal1', NULL, NULL, 'Mozilla/5.0 (iPhone; CPU iPhone OS 18_7 like Mac OS X) AppleWebKit/605.1.15 (KHTML, like Gecko) Version/26.2 Mobile/15E148 Safari/604.1', '178.197.218.24', NULL, NULL, NULL, NULL, NULL),
	('e57d9cf7-1860-43fc-8669-f223927ec4c8', 'ebac33f8-7fc7-40ca-97ca-2112788265e7', '2026-04-20 05:35:01.55808+00', '2026-04-20 05:35:01.55808+00', NULL, 'aal1', NULL, NULL, 'Mozilla/5.0 (Windows NT 10.0; Win64; x64) AppleWebKit/537.36 (KHTML, like Gecko) Chrome/131.0.0.0 Safari/537.36 Edg/131.0.0.0', '194.230.161.195', NULL, NULL, NULL, NULL, NULL),
	('55f600bb-f0b7-42fd-8171-b92f5ff85dfb', 'ebac33f8-7fc7-40ca-97ca-2112788265e7', '2026-04-20 04:50:44.289637+00', '2026-04-20 04:50:44.289637+00', NULL, 'aal1', NULL, NULL, 'Mozilla/5.0 (Windows NT 10.0; Win64; x64) AppleWebKit/537.36 (KHTML, like Gecko) Chrome/131.0.0.0 Safari/537.36 Edg/131.0.0.0', '194.230.161.195', NULL, NULL, NULL, NULL, NULL),
	('c3ab00a0-b7a4-4986-ad16-5314e3c27bfa', 'ff220f11-7804-4667-b17d-243c6066ae8c', '2026-04-13 15:16:54.735332+00', '2026-04-13 15:16:54.735332+00', NULL, 'aal1', NULL, NULL, 'Mozilla/5.0 (Macintosh; Intel Mac OS X 10_15_7) AppleWebKit/605.1.15 (KHTML, like Gecko) Version/26.2 Safari/605.1.15', '178.197.210.156', NULL, NULL, NULL, NULL, NULL),
	('96872b4d-fe06-4cc4-b363-9ecf5c3c838d', 'ebac33f8-7fc7-40ca-97ca-2112788265e7', '2026-04-19 11:10:43.755114+00', '2026-04-22 20:36:52.65232+00', NULL, 'aal1', NULL, '2026-04-22 20:36:52.65221', 'Mozilla/5.0 (Windows NT 10.0; Win64; x64) AppleWebKit/537.36 (KHTML, like Gecko) Chrome/147.0.0.0 Safari/537.36', '46.140.121.162', NULL, NULL, NULL, NULL, NULL),
	('579faed3-35c9-4cbb-9ab5-ad34c5484ad6', 'ebac33f8-7fc7-40ca-97ca-2112788265e7', '2026-04-18 06:25:10.046326+00', '2026-04-18 06:25:10.046326+00', NULL, 'aal1', NULL, NULL, 'Mozilla/5.0 (Windows NT 10.0; Win64; x64) AppleWebKit/537.36 (KHTML, like Gecko) Chrome/147.0.0.0 Safari/537.36', '46.140.121.162', NULL, NULL, NULL, NULL, NULL),
	('7aa569a9-3f09-4a3a-9479-a2785d6a7b52', 'ff220f11-7804-4667-b17d-243c6066ae8c', '2026-03-06 11:17:12.818962+00', '2026-03-06 11:17:12.818962+00', NULL, 'aal1', NULL, NULL, 'Mozilla/5.0 (iPhone; CPU iPhone OS 18_7 like Mac OS X) AppleWebKit/605.1.15 (KHTML, like Gecko) Version/26.2 Mobile/15E148 Safari/604.1', '178.197.218.24', NULL, NULL, NULL, NULL, NULL),
	('2a288a4f-dfe3-4dd2-ae6c-cdd2ffdca939', 'ebac33f8-7fc7-40ca-97ca-2112788265e7', '2026-04-18 06:26:18.44131+00', '2026-04-18 06:26:18.44131+00', NULL, 'aal1', NULL, NULL, 'Mozilla/5.0 (Windows NT 10.0; Win64; x64) AppleWebKit/537.36 (KHTML, like Gecko) Chrome/147.0.0.0 Safari/537.36', '46.140.121.162', NULL, NULL, NULL, NULL, NULL),
	('2840e434-1958-495f-9c81-0cca107120dc', 'ff220f11-7804-4667-b17d-243c6066ae8c', '2026-03-05 15:18:12.28683+00', '2026-03-24 16:27:11.529056+00', NULL, 'aal1', NULL, '2026-03-24 16:27:11.528966', 'Mozilla/5.0 (Windows NT 10.0; Win64; x64) AppleWebKit/537.36 (KHTML, like Gecko) Chrome/146.0.0.0 Safari/537.36', '46.140.121.162', NULL, NULL, NULL, NULL, NULL),
	('67869aaf-4a90-43da-bb47-7eaba38eb3cf', 'ebac33f8-7fc7-40ca-97ca-2112788265e7', '2026-04-18 06:26:56.699242+00', '2026-04-18 06:26:56.699242+00', NULL, 'aal1', NULL, NULL, 'Mozilla/5.0 (Windows NT 10.0; Win64; x64) AppleWebKit/537.36 (KHTML, like Gecko) Claude/1.3109.0 Chrome/146.0.7680.179 Electron/41.2.0 Safari/537.36 MSIX', '46.140.121.162', NULL, NULL, NULL, NULL, NULL),
	('eb530c71-56bb-4dc5-a2f2-5a7db3f372fa', 'ebac33f8-7fc7-40ca-97ca-2112788265e7', '2026-04-18 06:35:57.554354+00', '2026-04-18 06:35:57.554354+00', NULL, 'aal1', NULL, NULL, 'Mozilla/5.0 (Windows NT 10.0; Win64; x64) AppleWebKit/537.36 (KHTML, like Gecko) Chrome/147.0.0.0 Safari/537.36 Edg/147.0.0.0', '46.140.121.162', NULL, NULL, NULL, NULL, NULL),
	('1b0bcffe-ee17-4500-8db5-4186efea9fa8', '4928d9b5-ab36-4382-bec3-136edbef7314', '2026-03-23 13:37:11.503389+00', '2026-03-23 13:37:11.503389+00', NULL, 'aal1', NULL, NULL, 'Mozilla/5.0 (Windows NT 10.0; Win64; x64) AppleWebKit/537.36 (KHTML, like Gecko) Chrome/146.0.0.0 Safari/537.36', '46.140.121.162', NULL, NULL, NULL, NULL, NULL),
	('807e1811-a975-49ec-aec2-df1c8c1692a2', 'ebac33f8-7fc7-40ca-97ca-2112788265e7', '2026-04-16 06:51:15.551778+00', '2026-04-16 06:51:15.551778+00', NULL, 'aal1', NULL, NULL, 'Mozilla/5.0 (Windows NT 10.0; Win64; x64) AppleWebKit/537.36 (KHTML, like Gecko) Chrome/147.0.0.0 Safari/537.36 Edg/147.0.0.0', '194.230.148.63', NULL, NULL, NULL, NULL, NULL),
	('8d1ed040-d189-4793-aac1-11f17846a7e6', '10d71f96-e8ba-48e7-be60-25fc0330fd17', '2026-04-01 06:19:11.009987+00', '2026-04-06 11:55:23.848908+00', NULL, 'aal1', NULL, '2026-04-06 11:55:23.848804', 'Python-urllib/3.14', '83.76.190.178', NULL, NULL, NULL, NULL, NULL),
	('7db28fd5-dae6-420e-8b46-f70c7e7b04ac', 'ebac33f8-7fc7-40ca-97ca-2112788265e7', '2026-04-20 04:40:16.989489+00', '2026-04-21 06:32:46.783392+00', NULL, 'aal1', NULL, '2026-04-21 06:32:46.783271', 'Mozilla/5.0 (Windows NT 10.0; Win64; x64) AppleWebKit/537.36 (KHTML, like Gecko) Chrome/147.0.0.0 Safari/537.36', '80.89.210.90', NULL, NULL, NULL, NULL, NULL),
	('17bd976a-9fda-47d4-8fd1-4a54039b1748', 'ebac33f8-7fc7-40ca-97ca-2112788265e7', '2026-04-16 08:40:46.97671+00', '2026-04-16 08:40:46.97671+00', NULL, 'aal1', NULL, NULL, 'Mozilla/5.0 (Windows NT 10.0; Win64; x64) AppleWebKit/537.36 (KHTML, like Gecko) Chrome/147.0.0.0 Safari/537.36 Edg/147.0.0.0', '194.11.219.83', NULL, NULL, NULL, NULL, NULL),
	('26dadeb6-cb4d-400f-bddb-cb929d7e2f59', 'ebac33f8-7fc7-40ca-97ca-2112788265e7', '2026-04-14 06:25:42.067849+00', '2026-04-21 20:31:31.03951+00', NULL, 'aal1', NULL, '2026-04-21 20:31:31.039409', 'Mozilla/5.0 (Windows NT 10.0; Win64; x64) AppleWebKit/537.36 (KHTML, like Gecko) Chrome/147.0.0.0 Safari/537.36 Edg/147.0.0.0', '92.107.128.148', NULL, NULL, NULL, NULL, NULL),
	('848e1b07-1ad3-4b07-bee5-c2e500112dcc', 'ebac33f8-7fc7-40ca-97ca-2112788265e7', '2026-04-18 06:26:26.213546+00', '2026-04-18 06:26:26.213546+00', NULL, 'aal1', NULL, NULL, 'Mozilla/5.0 (Windows NT 10.0; Win64; x64) AppleWebKit/537.36 (KHTML, like Gecko) Chrome/147.0.0.0 Safari/537.36', '46.140.121.162', NULL, NULL, NULL, NULL, NULL),
	('edd814fa-03d6-4ae7-bb18-360221116aa1', 'ebac33f8-7fc7-40ca-97ca-2112788265e7', '2026-04-18 06:26:27.278893+00', '2026-04-18 06:26:27.278893+00', NULL, 'aal1', NULL, NULL, 'Mozilla/5.0 (Windows NT 10.0; Win64; x64) AppleWebKit/537.36 (KHTML, like Gecko) Chrome/147.0.0.0 Safari/537.36', '46.140.121.162', NULL, NULL, NULL, NULL, NULL),
	('848e2d93-46f0-40f9-989b-666952a7ca84', 'ebac33f8-7fc7-40ca-97ca-2112788265e7', '2026-04-14 09:55:32.498003+00', '2026-04-19 12:05:34.577429+00', NULL, 'aal1', NULL, '2026-04-19 12:05:34.577314', 'Mozilla/5.0 (Windows NT 10.0; Win64; x64) AppleWebKit/537.36 (KHTML, like Gecko) Chrome/147.0.0.0 Safari/537.36', '46.140.121.162', NULL, NULL, NULL, NULL, NULL),
	('27ddbd98-5cfe-4db9-bcd5-dbf186308add', 'ff220f11-7804-4667-b17d-243c6066ae8c', '2026-03-05 15:16:07.769391+00', '2026-04-22 13:04:15.649066+00', NULL, 'aal1', NULL, '2026-04-22 13:04:15.648385', 'Mozilla/5.0 (Windows NT 10.0; Win64; x64) AppleWebKit/537.36 (KHTML, like Gecko) Chrome/147.0.0.0 Safari/537.36 Edg/147.0.0.0', '46.140.121.162', NULL, NULL, NULL, NULL, NULL),
	('3ac1ccbd-82e7-4c00-86ec-72c5b805e89d', 'ebac33f8-7fc7-40ca-97ca-2112788265e7', '2026-04-18 06:26:31.514675+00', '2026-04-20 05:00:56.576211+00', NULL, 'aal1', NULL, '2026-04-20 05:00:56.57545', 'Mozilla/5.0 (Windows NT 10.0; Win64; x64) AppleWebKit/537.36 (KHTML, like Gecko) Chrome/147.0.0.0 Safari/537.36', '194.230.161.195', NULL, NULL, NULL, NULL, NULL),
	('fe8b0bd8-fe0e-4c25-b3bc-65c176389f30', '193a7fb6-3ef1-4b67-906d-e20b40c57a7e', '2026-03-30 06:39:06.113137+00', '2026-03-30 15:42:39.767601+00', NULL, 'aal1', NULL, '2026-03-30 15:42:39.767503', 'Mozilla/5.0 (Windows NT 10.0; Win64; x64) AppleWebKit/537.36 (KHTML, like Gecko) Chrome/146.0.0.0 Safari/537.36', '46.140.121.162', NULL, NULL, NULL, NULL, NULL),
	('93ea8350-a2aa-4b13-b402-5fb5d6d40251', 'ebac33f8-7fc7-40ca-97ca-2112788265e7', '2026-04-20 06:53:42.975032+00', '2026-04-20 06:53:42.975032+00', NULL, 'aal1', NULL, NULL, 'Mozilla/5.0 (Windows NT 10.0; Win64; x64) AppleWebKit/537.36 (KHTML, like Gecko) Chrome/131.0.0.0 Safari/537.36 Edg/131.0.0.0', '80.89.210.90', NULL, NULL, NULL, NULL, NULL),
	('72eba259-1ed1-451b-aa74-0fa3239bb204', 'ebac33f8-7fc7-40ca-97ca-2112788265e7', '2026-04-21 06:55:09.145971+00', '2026-04-21 06:55:09.145971+00', NULL, 'aal1', NULL, NULL, 'Mozilla/5.0 (Windows NT 10.0; Win64; x64) AppleWebKit/537.36 (KHTML, like Gecko) Chrome/131.0.0.0 Safari/537.36 Edg/131.0.0.0', '80.89.210.90', NULL, NULL, NULL, NULL, NULL),
	('b104e10d-5054-4a58-81c5-0643bac04b52', 'ebac33f8-7fc7-40ca-97ca-2112788265e7', '2026-04-21 08:23:11.738188+00', '2026-04-21 08:23:11.738188+00', NULL, 'aal1', NULL, NULL, 'Mozilla/5.0 (Windows NT 10.0; Win64; x64) AppleWebKit/537.36 (KHTML, like Gecko) Chrome/131.0.0.0 Safari/537.36 Edg/131.0.0.0', '80.89.210.90', NULL, NULL, NULL, NULL, NULL),
	('61ec94b5-1cf7-474b-8a50-cf5af60d8d51', 'ebac33f8-7fc7-40ca-97ca-2112788265e7', '2026-04-21 09:15:08.321513+00', '2026-04-21 09:15:08.321513+00', NULL, 'aal1', NULL, NULL, 'Mozilla/5.0 (Windows NT 10.0; Win64; x64) AppleWebKit/537.36 (KHTML, like Gecko) Chrome/131.0.0.0 Safari/537.36 Edg/131.0.0.0', '80.89.210.90', NULL, NULL, NULL, NULL, NULL),
	('9651164d-0f54-40ab-a6eb-4955eda08e9b', '4928d9b5-ab36-4382-bec3-136edbef7314', '2026-03-06 11:09:27.424615+00', '2026-04-22 06:15:43.833529+00', NULL, 'aal1', NULL, '2026-04-22 06:15:43.833422', 'Mozilla/5.0 (Windows NT 10.0; Win64; x64) AppleWebKit/537.36 (KHTML, like Gecko) Chrome/147.0.0.0 Safari/537.36', '46.140.121.162', NULL, NULL, NULL, NULL, NULL),
	('dd34ad63-80df-424b-a863-131ff85e852a', 'ebac33f8-7fc7-40ca-97ca-2112788265e7', '2026-04-22 08:32:35.347832+00', '2026-04-22 08:32:35.347832+00', NULL, 'aal1', NULL, NULL, 'Mozilla/5.0 (Windows NT 10.0; Win64; x64) AppleWebKit/537.36 (KHTML, like Gecko) Chrome/147.0.0.0 Safari/537.36 Edg/147.0.0.0', '151.248.177.186', NULL, NULL, NULL, NULL, NULL),
	('fb1bcadd-b75a-4b78-b042-a65c7d950586', 'ebac33f8-7fc7-40ca-97ca-2112788265e7', '2026-04-21 09:27:23.363988+00', '2026-04-22 09:26:52.740656+00', NULL, 'aal1', NULL, '2026-04-22 09:26:52.740551', 'Mozilla/5.0 (Windows NT 10.0; Win64; x64) AppleWebKit/537.36 (KHTML, like Gecko) Chrome/131.0.0.0 Safari/537.36 Edg/131.0.0.0', '46.140.121.162', NULL, NULL, NULL, NULL, NULL),
	('c28c4730-6101-4d41-b1d9-b29d6df35fd7', 'ebac33f8-7fc7-40ca-97ca-2112788265e7', '2026-04-13 18:36:22.791894+00', '2026-04-22 11:01:09.178786+00', NULL, 'aal1', NULL, '2026-04-22 11:01:09.178684', 'Mozilla/5.0 (Windows NT 10.0; Win64; x64) AppleWebKit/537.36 (KHTML, like Gecko) Chrome/147.0.0.0 Safari/537.36', '62.202.165.34', NULL, NULL, NULL, NULL, NULL),
	('19e36a32-639b-43be-905c-d125c772af20', 'ebac33f8-7fc7-40ca-97ca-2112788265e7', '2026-04-22 12:16:23.713818+00', '2026-04-22 12:16:23.713818+00', NULL, 'aal1', NULL, NULL, 'Mozilla/5.0 (Windows NT 10.0; Win64; x64) AppleWebKit/537.36 (KHTML, like Gecko) Chrome/147.0.0.0 Safari/537.36 Edg/147.0.0.0', '46.140.121.162', NULL, NULL, NULL, NULL, NULL);


--
-- Data for Name: mfa_amr_claims; Type: TABLE DATA; Schema: auth; Owner: supabase_auth_admin
--

INSERT INTO "auth"."mfa_amr_claims" ("session_id", "created_at", "updated_at", "authentication_method", "id") VALUES
	('27ddbd98-5cfe-4db9-bcd5-dbf186308add', '2026-03-05 15:16:07.824485+00', '2026-03-05 15:16:07.824485+00', 'otp', 'a283033c-4d97-49c0-8af5-37c37ca494a0'),
	('2840e434-1958-495f-9c81-0cca107120dc', '2026-03-05 15:18:12.303768+00', '2026-03-05 15:18:12.303768+00', 'password', '047f838e-cd9a-4424-a881-238c94b4b147'),
	('5bcfc03d-e634-48b3-9799-34340fae3201', '2026-03-05 18:55:48.079374+00', '2026-03-05 18:55:48.079374+00', 'password', '47eedd76-89e8-4fdc-b808-1e4806af34ac'),
	('180e748d-cc82-4960-8a9b-ad9f65124d15', '2026-03-20 07:20:11.472585+00', '2026-03-20 07:20:11.472585+00', 'otp', 'd4c90eca-9408-49c2-9557-71d6d6dbcb8a'),
	('9651164d-0f54-40ab-a6eb-4955eda08e9b', '2026-03-06 11:09:27.446604+00', '2026-03-06 11:09:27.446604+00', 'otp', 'b4241f7e-1d11-42a2-ad19-73bc31ff97f0'),
	('7aa569a9-3f09-4a3a-9479-a2785d6a7b52', '2026-03-06 11:17:12.843878+00', '2026-03-06 11:17:12.843878+00', 'password', '35124103-0325-4519-b427-28cf99a5768a'),
	('1b0bcffe-ee17-4500-8db5-4186efea9fa8', '2026-03-23 13:37:11.564697+00', '2026-03-23 13:37:11.564697+00', 'otp', '2bcc606d-1835-4276-8774-97473faad78a'),
	('b51ba5e2-af1a-4701-8610-a38fb153dfe4', '2026-03-23 13:57:42.011101+00', '2026-03-23 13:57:42.011101+00', 'otp', '13919e5e-4734-46f3-b500-6fdba88ff3ad'),
	('fe8b0bd8-fe0e-4c25-b3bc-65c176389f30', '2026-03-30 06:39:06.133406+00', '2026-03-30 06:39:06.133406+00', 'otp', 'f64881c4-d339-4868-8c65-d98351ef8555'),
	('7a608724-1a1c-4b12-b1f9-431c8bd754b7', '2026-03-30 11:52:38.765789+00', '2026-03-30 11:52:38.765789+00', 'password', 'a354b06c-b00c-407a-97e8-477b482bdf78'),
	('a529dc18-830a-4f48-bbde-c2cd7ed829a4', '2026-03-30 11:56:16.5117+00', '2026-03-30 11:56:16.5117+00', 'password', 'c11173a4-54f6-41d9-929c-c481d4b09cc9'),
	('8d1ed040-d189-4793-aac1-11f17846a7e6', '2026-04-01 06:19:11.014747+00', '2026-04-01 06:19:11.014747+00', 'password', 'e71ce25c-9859-49e6-8023-af8a09b143d8'),
	('a92fea2a-451d-4017-bb6c-e1d3b3ee676e', '2026-04-09 11:15:17.511653+00', '2026-04-09 11:15:17.511653+00', 'password', '196c7345-9736-4d2f-8186-b0a31d90dbea'),
	('c3ab00a0-b7a4-4986-ad16-5314e3c27bfa', '2026-04-13 15:16:54.799243+00', '2026-04-13 15:16:54.799243+00', 'password', 'ce5e85c5-7e70-4f0e-affb-4f22de4f25b7'),
	('c28c4730-6101-4d41-b1d9-b29d6df35fd7', '2026-04-13 18:36:22.819095+00', '2026-04-13 18:36:22.819095+00', 'password', '983b5d7d-5f5f-4573-81ec-b837798a2cbe'),
	('26dadeb6-cb4d-400f-bddb-cb929d7e2f59', '2026-04-14 06:25:42.13851+00', '2026-04-14 06:25:42.13851+00', 'password', '6c30c7fa-9ff9-49f1-8b67-3dd8ab278344'),
	('848e2d93-46f0-40f9-989b-666952a7ca84', '2026-04-14 09:55:32.549813+00', '2026-04-14 09:55:32.549813+00', 'password', '4003c549-2e56-4039-a7e4-a4870fbc72d8'),
	('807e1811-a975-49ec-aec2-df1c8c1692a2', '2026-04-16 06:51:15.586375+00', '2026-04-16 06:51:15.586375+00', 'password', 'bbf68786-2c5b-40ac-9e9f-452a32d715f0'),
	('17bd976a-9fda-47d4-8fd1-4a54039b1748', '2026-04-16 08:40:47.041947+00', '2026-04-16 08:40:47.041947+00', 'password', '9812dd40-2249-4e3e-b9bb-ad1727558835'),
	('3fba54ee-37b8-4889-bf1d-ba2b5cb5c9f8', '2026-04-16 09:32:26.923651+00', '2026-04-16 09:32:26.923651+00', 'password', 'e4ac386d-7cc9-478c-854a-f04680ad8a3f'),
	('08e46580-b029-4701-a836-d1efb19fc51b', '2026-04-16 10:23:32.644524+00', '2026-04-16 10:23:32.644524+00', 'password', 'bf4e89fc-a96c-42ec-b98e-612ecc789fd2'),
	('579faed3-35c9-4cbb-9ab5-ad34c5484ad6', '2026-04-18 06:25:10.093971+00', '2026-04-18 06:25:10.093971+00', 'password', '93c5e571-ff86-49b6-aa97-840a65e93162'),
	('2a288a4f-dfe3-4dd2-ae6c-cdd2ffdca939', '2026-04-18 06:26:18.453186+00', '2026-04-18 06:26:18.453186+00', 'password', 'ef064ad2-16ec-4b7c-943f-d8a5f4fa6775'),
	('848e1b07-1ad3-4b07-bee5-c2e500112dcc', '2026-04-18 06:26:26.216441+00', '2026-04-18 06:26:26.216441+00', 'password', 'bfc2bdd3-7589-4791-a04f-d3bb3f1718ca'),
	('edd814fa-03d6-4ae7-bb18-360221116aa1', '2026-04-18 06:26:27.284332+00', '2026-04-18 06:26:27.284332+00', 'password', '9606ed2a-0b4b-4db6-bee8-22f878b93477'),
	('3ac1ccbd-82e7-4c00-86ec-72c5b805e89d', '2026-04-18 06:26:31.518068+00', '2026-04-18 06:26:31.518068+00', 'password', '5699cc73-2ccb-4808-bd6b-05106488bdff'),
	('67869aaf-4a90-43da-bb47-7eaba38eb3cf', '2026-04-18 06:26:56.705729+00', '2026-04-18 06:26:56.705729+00', 'password', 'cd5fb640-659b-4478-850f-2698c99d73a3'),
	('eb530c71-56bb-4dc5-a2f2-5a7db3f372fa', '2026-04-18 06:35:57.588187+00', '2026-04-18 06:35:57.588187+00', 'password', '8bd41fb1-93cd-4fbc-987a-f3145108a806'),
	('96872b4d-fe06-4cc4-b363-9ecf5c3c838d', '2026-04-19 11:10:43.778379+00', '2026-04-19 11:10:43.778379+00', 'password', '85ea10ca-a9ba-4b2b-816a-40c1eebd0d66'),
	('7db28fd5-dae6-420e-8b46-f70c7e7b04ac', '2026-04-20 04:40:17.244797+00', '2026-04-20 04:40:17.244797+00', 'password', '0bb404cc-ee3c-4f42-a3d7-34c63249d56b'),
	('55f600bb-f0b7-42fd-8171-b92f5ff85dfb', '2026-04-20 04:50:44.322489+00', '2026-04-20 04:50:44.322489+00', 'password', 'b8049955-687f-49aa-80f9-be83d4d4c9b4'),
	('e57d9cf7-1860-43fc-8669-f223927ec4c8', '2026-04-20 05:35:01.615415+00', '2026-04-20 05:35:01.615415+00', 'password', '929984bf-36cc-4210-a5a4-cc46a597ec19'),
	('93ea8350-a2aa-4b13-b402-5fb5d6d40251', '2026-04-20 06:53:43.040301+00', '2026-04-20 06:53:43.040301+00', 'password', 'c46ef52d-f550-46fc-aa56-9eed2d4c4ec8'),
	('72eba259-1ed1-451b-aa74-0fa3239bb204', '2026-04-21 06:55:09.214384+00', '2026-04-21 06:55:09.214384+00', 'password', '0fd41fa7-0fe2-46e1-be38-ab9f74ea121c'),
	('b104e10d-5054-4a58-81c5-0643bac04b52', '2026-04-21 08:23:11.817325+00', '2026-04-21 08:23:11.817325+00', 'password', '7eda1c52-0a2e-4d83-b96f-b907f5ed629e'),
	('61ec94b5-1cf7-474b-8a50-cf5af60d8d51', '2026-04-21 09:15:08.362325+00', '2026-04-21 09:15:08.362325+00', 'password', '3daf7f30-34af-44d3-9f28-391a1248aa57'),
	('fb1bcadd-b75a-4b78-b042-a65c7d950586', '2026-04-21 09:27:23.421017+00', '2026-04-21 09:27:23.421017+00', 'password', 'e22314e8-2129-4b2d-951e-93c2fce3f75d'),
	('dd34ad63-80df-424b-a863-131ff85e852a', '2026-04-22 08:32:35.402219+00', '2026-04-22 08:32:35.402219+00', 'password', '7007714d-880a-4db3-bdd3-f4cb93091b54'),
	('19e36a32-639b-43be-905c-d125c772af20', '2026-04-22 12:16:23.78112+00', '2026-04-22 12:16:23.78112+00', 'password', '600cfa01-e562-45bc-b833-767d3f93b647');


--
-- Data for Name: mfa_factors; Type: TABLE DATA; Schema: auth; Owner: supabase_auth_admin
--

INSERT INTO "auth"."mfa_factors" ("id", "user_id", "friendly_name", "factor_type", "status", "created_at", "updated_at", "secret", "phone", "last_challenged_at", "web_authn_credential", "web_authn_aaguid", "last_webauthn_challenge_data") VALUES
	('6fec92ab-d7e4-4f77-8295-602c1880f056', 'd091f2d5-c8ec-4d60-9074-d8e6ee9e3a48', 'Hauptgerät', 'totp', 'verified', '2026-03-28 15:38:59.027621+00', '2026-04-13 18:35:00.713598+00', 'US5DMRCQ3K75HAAEZ7QWI57ORRCPL2UA', NULL, '2026-04-13 18:35:00.705328+00', NULL, NULL, NULL);


--
-- Data for Name: mfa_challenges; Type: TABLE DATA; Schema: auth; Owner: supabase_auth_admin
--

INSERT INTO "auth"."mfa_challenges" ("id", "factor_id", "created_at", "verified_at", "ip_address", "otp_code", "web_authn_session_data") VALUES
	('1561b31e-462a-418d-87a8-bec449a24bfe', '6fec92ab-d7e4-4f77-8295-602c1880f056', '2026-03-28 15:39:32.122149+00', '2026-03-28 15:39:33.600735+00', '62.202.165.34', '', NULL),
	('3ea03cce-811d-4195-ae7b-3432ddfb95e3', '6fec92ab-d7e4-4f77-8295-602c1880f056', '2026-03-28 17:52:00.979459+00', '2026-03-28 17:52:02.537913+00', '62.202.165.34', '', NULL),
	('07b900e2-7ff9-41af-a1de-68375fc90bed', '6fec92ab-d7e4-4f77-8295-602c1880f056', '2026-04-13 16:55:54.850044+00', '2026-04-13 16:55:57.055421+00', '62.202.165.34', '', NULL),
	('7e4b047e-0311-43a2-bba3-a839866ab83f', '6fec92ab-d7e4-4f77-8295-602c1880f056', '2026-04-13 18:35:00.705375+00', '2026-04-13 18:35:02.798767+00', '62.202.165.34', '', NULL);


--
-- Data for Name: oauth_authorizations; Type: TABLE DATA; Schema: auth; Owner: supabase_auth_admin
--



--
-- Data for Name: oauth_client_states; Type: TABLE DATA; Schema: auth; Owner: supabase_auth_admin
--



--
-- Data for Name: oauth_consents; Type: TABLE DATA; Schema: auth; Owner: supabase_auth_admin
--



--
-- Data for Name: one_time_tokens; Type: TABLE DATA; Schema: auth; Owner: supabase_auth_admin
--

INSERT INTO "auth"."one_time_tokens" ("id", "user_id", "token_type", "token_hash", "relates_to", "created_at", "updated_at") VALUES
	('b8188e1b-71a7-4bfd-b439-5521b26ea090', 'd091f2d5-c8ec-4d60-9074-d8e6ee9e3a48', 'recovery_token', '4520e86fb31496905ef068682bd05d27e656f40ad7128d2c1d50f31d', 'info@brsoft.ch', '2026-03-28 17:50:55.651567', '2026-03-28 17:50:55.651567');


--
-- Data for Name: refresh_tokens; Type: TABLE DATA; Schema: auth; Owner: supabase_auth_admin
--

INSERT INTO "auth"."refresh_tokens" ("instance_id", "id", "token", "user_id", "revoked", "created_at", "updated_at", "parent", "session_id") VALUES
	('00000000-0000-0000-0000-000000000000', 721, 'paovfx75e36r', '10d71f96-e8ba-48e7-be60-25fc0330fd17', true, '2026-04-01 08:19:43.02996+00', '2026-04-01 09:19:48.53334+00', 'kksxtww2633s', '8d1ed040-d189-4793-aac1-11f17846a7e6'),
	('00000000-0000-0000-0000-000000000000', 447, 'qpne33xmlita', '10d71f96-e8ba-48e7-be60-25fc0330fd17', true, '2026-03-26 13:08:19.542768+00', '2026-03-26 15:02:28.416337+00', 'tuvvaiz3lcrr', '180e748d-cc82-4960-8a9b-ad9f65124d15'),
	('00000000-0000-0000-0000-000000000000', 662, '3szpvpgogonm', '193a7fb6-3ef1-4b67-906d-e20b40c57a7e', true, '2026-03-31 08:58:47.488587+00', '2026-03-31 09:58:53.754405+00', 'd4zwmzyniyfn', 'a529dc18-830a-4f48-bbde-c2cd7ed829a4'),
	('00000000-0000-0000-0000-000000000000', 629, 'hjqnvomycwas', 'ff220f11-7804-4667-b17d-243c6066ae8c', true, '2026-03-30 16:43:00.449378+00', '2026-03-31 10:00:26.328454+00', 'elcuzo3p44ff', '27ddbd98-5cfe-4db9-bcd5-dbf186308add'),
	('00000000-0000-0000-0000-000000000000', 625, 'hkgjjly3rj7y', '193a7fb6-3ef1-4b67-906d-e20b40c57a7e', true, '2026-03-30 15:56:46.207392+00', '2026-03-30 16:56:52.586643+00', 'dqhfqbdlyzud', 'a529dc18-830a-4f48-bbde-c2cd7ed829a4'),
	('00000000-0000-0000-0000-000000000000', 253, 's5nz2twnleuu', 'ff220f11-7804-4667-b17d-243c6066ae8c', true, '2026-03-15 11:34:14.597228+00', '2026-03-15 16:53:56.776222+00', 'vs6jfezl46uf', '27ddbd98-5cfe-4db9-bcd5-dbf186308add'),
	('00000000-0000-0000-0000-000000000000', 297, 'x4jl3mgcnong', 'ff220f11-7804-4667-b17d-243c6066ae8c', true, '2026-03-16 16:24:24.518045+00', '2026-03-17 15:35:32.551933+00', 'ifzjf3mjd37q', '27ddbd98-5cfe-4db9-bcd5-dbf186308add'),
	('00000000-0000-0000-0000-000000000000', 724, '7w25uhhtainr', '10d71f96-e8ba-48e7-be60-25fc0330fd17', true, '2026-04-01 09:19:48.546603+00', '2026-04-01 10:19:53.985224+00', 'paovfx75e36r', '8d1ed040-d189-4793-aac1-11f17846a7e6'),
	('00000000-0000-0000-0000-000000000000', 268, 'zvq2rkl7vygz', 'ff220f11-7804-4667-b17d-243c6066ae8c', true, '2026-03-15 17:56:01.132653+00', '2026-03-15 19:39:25.254865+00', '42pvyaxatmrs', '27ddbd98-5cfe-4db9-bcd5-dbf186308add'),
	('00000000-0000-0000-0000-000000000000', 663, 'twsinyqcurt6', '10d71f96-e8ba-48e7-be60-25fc0330fd17', true, '2026-03-31 09:04:25.072545+00', '2026-03-31 11:04:18.330139+00', 'uup4j7xjmt3u', '180e748d-cc82-4960-8a9b-ad9f65124d15'),
	('00000000-0000-0000-0000-000000000000', 329, 'q5flubqsza7e', 'ff220f11-7804-4667-b17d-243c6066ae8c', true, '2026-03-18 12:48:35.123632+00', '2026-03-18 13:48:35.058304+00', 'bfxz7kax4u5x', '27ddbd98-5cfe-4db9-bcd5-dbf186308add'),
	('00000000-0000-0000-0000-000000000000', 729, 'qdggjxddjygm', '10d71f96-e8ba-48e7-be60-25fc0330fd17', true, '2026-04-01 11:19:58.416074+00', '2026-04-01 12:20:03.487373+00', '7opstg466krz', '8d1ed040-d189-4793-aac1-11f17846a7e6'),
	('00000000-0000-0000-0000-000000000000', 931, 'qw5enapkwl2j', '10d71f96-e8ba-48e7-be60-25fc0330fd17', true, '2026-04-15 07:27:13.776948+00', '2026-04-16 07:51:06.165259+00', 'hc7uho45dqma', '180e748d-cc82-4960-8a9b-ad9f65124d15'),
	('00000000-0000-0000-0000-000000000000', 642, 'iqjkp3f426wn', '193a7fb6-3ef1-4b67-906d-e20b40c57a7e', true, '2026-03-30 18:57:05.328147+00', '2026-03-30 19:57:15.659678+00', 'ed2ehqfhxhlm', 'a529dc18-830a-4f48-bbde-c2cd7ed829a4'),
	('00000000-0000-0000-0000-000000000000', 339, 'lg5ertf6vvya', 'ff220f11-7804-4667-b17d-243c6066ae8c', true, '2026-03-19 10:15:26.882393+00', '2026-03-19 13:31:37.657214+00', 'vppadnjn4qqi', '27ddbd98-5cfe-4db9-bcd5-dbf186308add'),
	('00000000-0000-0000-0000-000000000000', 533, 'az2kn24oalnu', 'ff220f11-7804-4667-b17d-243c6066ae8c', true, '2026-03-27 18:03:50.669835+00', '2026-03-29 15:06:21.415013+00', 'rtmovp5rqpil', '27ddbd98-5cfe-4db9-bcd5-dbf186308add'),
	('00000000-0000-0000-0000-000000000000', 344, 'cazjlp3va34h', 'ff220f11-7804-4667-b17d-243c6066ae8c', true, '2026-03-19 20:30:08.438586+00', '2026-03-20 06:11:22.622768+00', '4josdkkaenn3', '27ddbd98-5cfe-4db9-bcd5-dbf186308add'),
	('00000000-0000-0000-0000-000000000000', 733, 'ujgq4whyy7uf', 'ff220f11-7804-4667-b17d-243c6066ae8c', true, '2026-04-01 13:19:01.981851+00', '2026-04-01 15:51:48.932617+00', '43e2w2fx4lnt', '27ddbd98-5cfe-4db9-bcd5-dbf186308add'),
	('00000000-0000-0000-0000-000000000000', 940, 'ldcp2rgxvu23', 'ebac33f8-7fc7-40ca-97ca-2112788265e7', true, '2026-04-16 09:25:06.599694+00', '2026-04-17 09:23:26.560645+00', '5oqilirjcfmp', '26dadeb6-cb4d-400f-bddb-cb929d7e2f59'),
	('00000000-0000-0000-0000-000000000000', 349, '37bxmhb6oipg', 'ff220f11-7804-4667-b17d-243c6066ae8c', true, '2026-03-20 07:14:25.839101+00', '2026-03-20 13:20:41.958831+00', 'rykxcoeiynxg', '27ddbd98-5cfe-4db9-bcd5-dbf186308add'),
	('00000000-0000-0000-0000-000000000000', 647, 'vuzkyr4lyw6p', '193a7fb6-3ef1-4b67-906d-e20b40c57a7e', true, '2026-03-30 22:57:39.132491+00', '2026-03-30 23:57:45.796955+00', 'hjwdahz44jor', 'a529dc18-830a-4f48-bbde-c2cd7ed829a4'),
	('00000000-0000-0000-0000-000000000000', 354, 'r6snlhhqxqht', 'ff220f11-7804-4667-b17d-243c6066ae8c', true, '2026-03-20 13:20:41.983133+00', '2026-03-20 15:28:15.669325+00', '37bxmhb6oipg', '27ddbd98-5cfe-4db9-bcd5-dbf186308add'),
	('00000000-0000-0000-0000-000000000000', 394, 'u3qm77hcrfh6', '4928d9b5-ab36-4382-bec3-136edbef7314', false, '2026-03-23 13:57:42.009167+00', '2026-03-23 13:57:42.009167+00', NULL, 'b51ba5e2-af1a-4701-8610-a38fb153dfe4'),
	('00000000-0000-0000-0000-000000000000', 491, 'zuq4nvrnug72', 'ff220f11-7804-4667-b17d-243c6066ae8c', true, '2026-03-27 08:34:52.81377+00', '2026-03-27 09:33:09.199886+00', 'ifckmsgxzinr', '27ddbd98-5cfe-4db9-bcd5-dbf186308add'),
	('00000000-0000-0000-0000-000000000000', 400, '2ktokiboq6az', 'ff220f11-7804-4667-b17d-243c6066ae8c', true, '2026-03-23 16:32:04.297162+00', '2026-03-24 10:07:43.795372+00', '6yecn73wdcpl', '27ddbd98-5cfe-4db9-bcd5-dbf186308add'),
	('00000000-0000-0000-0000-000000000000', 508, '2jrv4kmncodh', '10d71f96-e8ba-48e7-be60-25fc0330fd17', true, '2026-03-27 09:39:01.38432+00', '2026-03-27 12:17:09.651662+00', '4i5acwmeqywe', '180e748d-cc82-4960-8a9b-ad9f65124d15'),
	('00000000-0000-0000-0000-000000000000', 405, 'k2r6oagjboiz', 'ff220f11-7804-4667-b17d-243c6066ae8c', true, '2026-03-24 12:47:45.181609+00', '2026-03-24 16:26:23.886317+00', 'meexdgsstcl4', '27ddbd98-5cfe-4db9-bcd5-dbf186308add'),
	('00000000-0000-0000-0000-000000000000', 958, 'hw3qla4cjuuq', 'ebac33f8-7fc7-40ca-97ca-2112788265e7', true, '2026-04-18 06:53:21.843768+00', '2026-04-19 14:47:08.991619+00', 'tnx6lyohsil4', 'c28c4730-6101-4d41-b1d9-b29d6df35fd7'),
	('00000000-0000-0000-0000-000000000000', 948, '6thbkuxhlm2w', 'ebac33f8-7fc7-40ca-97ca-2112788265e7', true, '2026-04-17 09:33:14.204306+00', '2026-04-19 15:21:51.425543+00', 'aitzcvapck2k', '3fba54ee-37b8-4889-bf1d-ba2b5cb5c9f8'),
	('00000000-0000-0000-0000-000000000000', 692, '3wnhprcjtfpd', '193a7fb6-3ef1-4b67-906d-e20b40c57a7e', true, '2026-03-31 14:59:27.905402+00', '2026-03-31 15:59:36.171289+00', '5qcc7oxxg72z', 'a529dc18-830a-4f48-bbde-c2cd7ed829a4'),
	('00000000-0000-0000-0000-000000000000', 411, 'vsrilny5osbq', 'ff220f11-7804-4667-b17d-243c6066ae8c', true, '2026-03-24 17:33:40.963651+00', '2026-03-25 12:48:08.952898+00', 'vnuwdlfuzz2y', '27ddbd98-5cfe-4db9-bcd5-dbf186308add'),
	('00000000-0000-0000-0000-000000000000', 652, '6pljvxdlli6k', '193a7fb6-3ef1-4b67-906d-e20b40c57a7e', true, '2026-03-31 03:58:12.742893+00', '2026-03-31 04:58:19.37313+00', 'jswdax5wtegl', 'a529dc18-830a-4f48-bbde-c2cd7ed829a4'),
	('00000000-0000-0000-0000-000000000000', 416, '7icw67ngd5ga', '4928d9b5-ab36-4382-bec3-136edbef7314', true, '2026-03-25 07:07:09.830705+00', '2026-03-25 17:00:13.23487+00', 'oxtfhd5ngb4k', '9651164d-0f54-40ab-a6eb-4955eda08e9b'),
	('00000000-0000-0000-0000-000000000000', 595, 'euqyxyan44cs', '193a7fb6-3ef1-4b67-906d-e20b40c57a7e', true, '2026-03-30 06:39:06.123746+00', '2026-03-30 11:51:20.566395+00', NULL, 'fe8b0bd8-fe0e-4c25-b3bc-65c176389f30'),
	('00000000-0000-0000-0000-000000000000', 606, 'ftgly7y37ny6', '193a7fb6-3ef1-4b67-906d-e20b40c57a7e', true, '2026-03-30 11:56:16.486202+00', '2026-03-30 12:56:22.731765+00', NULL, 'a529dc18-830a-4f48-bbde-c2cd7ed829a4'),
	('00000000-0000-0000-0000-000000000000', 600, '3emnfhwo76od', 'ff220f11-7804-4667-b17d-243c6066ae8c', true, '2026-03-30 09:41:43.766559+00', '2026-03-30 13:04:48.175551+00', 'lme7f6gkn2jq', '27ddbd98-5cfe-4db9-bcd5-dbf186308add'),
	('00000000-0000-0000-0000-000000000000', 657, '6ccn2mpke3m5', '193a7fb6-3ef1-4b67-906d-e20b40c57a7e', true, '2026-03-31 06:58:30.904547+00', '2026-03-31 07:58:41.826327+00', 'd72cwrbr3xrd', 'a529dc18-830a-4f48-bbde-c2cd7ed829a4'),
	('00000000-0000-0000-0000-000000000000', 433, 'zcolbmnyguap', '10d71f96-e8ba-48e7-be60-25fc0330fd17', true, '2026-03-26 08:29:27.689892+00', '2026-03-26 09:51:59.120521+00', '4tqsz3ftvekw', '180e748d-cc82-4960-8a9b-ad9f65124d15'),
	('00000000-0000-0000-0000-000000000000', 443, 'tuvvaiz3lcrr', '10d71f96-e8ba-48e7-be60-25fc0330fd17', true, '2026-03-26 12:06:14.60262+00', '2026-03-26 13:08:19.522126+00', '2dzlvrdr4pg4', '180e748d-cc82-4960-8a9b-ad9f65124d15'),
	('00000000-0000-0000-0000-000000000000', 616, '5xbweq5sh2ax', 'ff220f11-7804-4667-b17d-243c6066ae8c', true, '2026-03-30 14:14:45.589246+00', '2026-03-30 15:14:44.751217+00', '3i6du77f5awp', '27ddbd98-5cfe-4db9-bcd5-dbf186308add'),
	('00000000-0000-0000-0000-000000000000', 620, 'dqhfqbdlyzud', '193a7fb6-3ef1-4b67-906d-e20b40c57a7e', true, '2026-03-30 14:56:40.118994+00', '2026-03-30 15:56:46.200846+00', 'vid2lbv63j5c', 'a529dc18-830a-4f48-bbde-c2cd7ed829a4'),
	('00000000-0000-0000-0000-000000000000', 703, 'khccv25jgknh', 'ff220f11-7804-4667-b17d-243c6066ae8c', true, '2026-03-31 17:51:35.367739+00', '2026-04-01 05:42:55.832875+00', '4xo6o5zeg7i6', '27ddbd98-5cfe-4db9-bcd5-dbf186308add'),
	('00000000-0000-0000-0000-000000000000', 712, 'rcss7tj6t4vx', 'ff220f11-7804-4667-b17d-243c6066ae8c', true, '2026-04-01 05:42:55.8451+00', '2026-04-01 06:59:45.927669+00', 'khccv25jgknh', '27ddbd98-5cfe-4db9-bcd5-dbf186308add'),
	('00000000-0000-0000-0000-000000000000', 717, '4l4ok67bfanw', 'ff220f11-7804-4667-b17d-243c6066ae8c', true, '2026-04-01 06:59:45.934911+00', '2026-04-01 08:01:20.314842+00', 'rcss7tj6t4vx', '27ddbd98-5cfe-4db9-bcd5-dbf186308add'),
	('00000000-0000-0000-0000-000000000000', 41, 'qbt5lrw3ylyh', 'ff220f11-7804-4667-b17d-243c6066ae8c', true, '2026-03-05 15:18:12.300547+00', '2026-03-05 16:35:26.526976+00', NULL, '2840e434-1958-495f-9c81-0cca107120dc'),
	('00000000-0000-0000-0000-000000000000', 45, 'knned2jyiwtv', 'ff220f11-7804-4667-b17d-243c6066ae8c', true, '2026-03-05 16:35:26.551619+00', '2026-03-05 17:33:29.07929+00', 'qbt5lrw3ylyh', '2840e434-1958-495f-9c81-0cca107120dc'),
	('00000000-0000-0000-0000-000000000000', 40, 'vgg2t5ne52ma', 'ff220f11-7804-4667-b17d-243c6066ae8c', true, '2026-03-05 15:16:07.799075+00', '2026-03-05 17:34:25.221878+00', NULL, '27ddbd98-5cfe-4db9-bcd5-dbf186308add'),
	('00000000-0000-0000-0000-000000000000', 51, 'vlt7ao7b3f2t', 'ff220f11-7804-4667-b17d-243c6066ae8c', false, '2026-03-05 18:55:48.039117+00', '2026-03-05 18:55:48.039117+00', NULL, '5bcfc03d-e634-48b3-9799-34340fae3201'),
	('00000000-0000-0000-0000-000000000000', 46, 'ovsxmikbg5h7', 'ff220f11-7804-4667-b17d-243c6066ae8c', true, '2026-03-05 17:33:29.108374+00', '2026-03-05 19:29:49.636554+00', 'knned2jyiwtv', '2840e434-1958-495f-9c81-0cca107120dc'),
	('00000000-0000-0000-0000-000000000000', 48, 'ftlmiyov2lqf', 'ff220f11-7804-4667-b17d-243c6066ae8c', true, '2026-03-05 17:34:25.22295+00', '2026-03-05 19:37:28.744107+00', 'vgg2t5ne52ma', '27ddbd98-5cfe-4db9-bcd5-dbf186308add'),
	('00000000-0000-0000-0000-000000000000', 621, 'elcuzo3p44ff', 'ff220f11-7804-4667-b17d-243c6066ae8c', true, '2026-03-30 15:14:44.783937+00', '2026-03-30 16:43:00.446701+00', '5xbweq5sh2ax', '27ddbd98-5cfe-4db9-bcd5-dbf186308add'),
	('00000000-0000-0000-0000-000000000000', 448, 'cvvqz5o4qmun', 'ff220f11-7804-4667-b17d-243c6066ae8c', true, '2026-03-26 13:56:02.134862+00', '2026-03-26 14:54:27.689296+00', 'zwqzmxvr4bp2', '27ddbd98-5cfe-4db9-bcd5-dbf186308add'),
	('00000000-0000-0000-0000-000000000000', 70, 'xqprzxm26mx3', 'ff220f11-7804-4667-b17d-243c6066ae8c', true, '2026-03-06 10:21:20.723621+00', '2026-03-06 12:09:24.263901+00', 'd7mtko2bqngq', '27ddbd98-5cfe-4db9-bcd5-dbf186308add'),
	('00000000-0000-0000-0000-000000000000', 444, '7nx33jxno766', '4928d9b5-ab36-4382-bec3-136edbef7314', true, '2026-03-26 12:09:53.861423+00', '2026-03-26 15:23:18.609434+00', 'lrcmutnnxb3q', '9651164d-0f54-40ab-a6eb-4955eda08e9b'),
	('00000000-0000-0000-0000-000000000000', 73, 'ult3x4mkw66p', '4928d9b5-ab36-4382-bec3-136edbef7314', true, '2026-03-06 11:09:27.438122+00', '2026-03-06 12:21:13.709172+00', NULL, '9651164d-0f54-40ab-a6eb-4955eda08e9b'),
	('00000000-0000-0000-0000-000000000000', 632, '45fqclcxbgtw', '193a7fb6-3ef1-4b67-906d-e20b40c57a7e', true, '2026-03-30 16:56:52.597369+00', '2026-03-30 17:56:59.31744+00', 'hkgjjly3rj7y', 'a529dc18-830a-4f48-bbde-c2cd7ed829a4'),
	('00000000-0000-0000-0000-000000000000', 319, 'bs4l5ecq7uuv', 'ff220f11-7804-4667-b17d-243c6066ae8c', true, '2026-03-18 06:31:53.598839+00', '2026-03-18 07:29:58.335401+00', 'rfhp6aljmkkp', '27ddbd98-5cfe-4db9-bcd5-dbf186308add'),
	('00000000-0000-0000-0000-000000000000', 453, 'tnk2ryfe4xx2', 'ff220f11-7804-4667-b17d-243c6066ae8c', true, '2026-03-26 14:54:27.693777+00', '2026-03-26 17:30:26.288516+00', 'cvvqz5o4qmun', '27ddbd98-5cfe-4db9-bcd5-dbf186308add'),
	('00000000-0000-0000-0000-000000000000', 713, 'uqby5mzfpuk5', '10d71f96-e8ba-48e7-be60-25fc0330fd17', true, '2026-04-01 06:09:42.95088+00', '2026-04-01 11:23:50.034782+00', 'g7sqy7zxqn3z', '180e748d-cc82-4960-8a9b-ad9f65124d15'),
	('00000000-0000-0000-0000-000000000000', 330, 'kte6ekbcfey7', 'ff220f11-7804-4667-b17d-243c6066ae8c', true, '2026-03-18 13:48:35.082887+00', '2026-03-18 18:09:51.169993+00', 'q5flubqsza7e', '27ddbd98-5cfe-4db9-bcd5-dbf186308add'),
	('00000000-0000-0000-0000-000000000000', 79, 'irz3gzgabkav', 'ff220f11-7804-4667-b17d-243c6066ae8c', true, '2026-03-06 12:09:24.264713+00', '2026-03-06 13:57:15.979058+00', 'xqprzxm26mx3', '27ddbd98-5cfe-4db9-bcd5-dbf186308add'),
	('00000000-0000-0000-0000-000000000000', 274, 'hnv3lvgkmvxd', 'ff220f11-7804-4667-b17d-243c6066ae8c', true, '2026-03-15 19:39:25.265203+00', '2026-03-16 11:23:52.623204+00', 'zvq2rkl7vygz', '27ddbd98-5cfe-4db9-bcd5-dbf186308add'),
	('00000000-0000-0000-0000-000000000000', 626, '46cvnh56iza5', '4928d9b5-ab36-4382-bec3-136edbef7314', true, '2026-03-30 16:02:29.245076+00', '2026-03-31 11:12:12.35773+00', 'yekre7blyysx', '9651164d-0f54-40ab-a6eb-4955eda08e9b'),
	('00000000-0000-0000-0000-000000000000', 55, '2tljbqtxy6e2', 'ff220f11-7804-4667-b17d-243c6066ae8c', true, '2026-03-05 19:37:28.764327+00', '2026-03-06 06:57:17.500604+00', 'ftlmiyov2lqf', '27ddbd98-5cfe-4db9-bcd5-dbf186308add'),
	('00000000-0000-0000-0000-000000000000', 54, '3jz4vhtnvztv', 'ff220f11-7804-4667-b17d-243c6066ae8c', true, '2026-03-05 19:29:49.653278+00', '2026-03-06 14:05:28.042866+00', 'ovsxmikbg5h7', '2840e434-1958-495f-9c81-0cca107120dc'),
	('00000000-0000-0000-0000-000000000000', 284, 'vozjra5zyqvl', 'ff220f11-7804-4667-b17d-243c6066ae8c', true, '2026-03-16 11:23:52.634534+00', '2026-03-16 12:42:26.865889+00', 'hnv3lvgkmvxd', '27ddbd98-5cfe-4db9-bcd5-dbf186308add'),
	('00000000-0000-0000-0000-000000000000', 648, 'kd4ot2inmq5n', '193a7fb6-3ef1-4b67-906d-e20b40c57a7e', true, '2026-03-30 23:57:45.81052+00', '2026-03-31 00:57:53.640003+00', 'vuzkyr4lyw6p', 'a529dc18-830a-4f48-bbde-c2cd7ed829a4'),
	('00000000-0000-0000-0000-000000000000', 923, 'ewn4sb5pnl7w', 'ebac33f8-7fc7-40ca-97ca-2112788265e7', true, '2026-04-13 18:36:22.801435+00', '2026-04-15 05:54:55.51221+00', NULL, 'c28c4730-6101-4d41-b1d9-b29d6df35fd7'),
	('00000000-0000-0000-0000-000000000000', 734, 'vl3y2hbnpjxz', '10d71f96-e8ba-48e7-be60-25fc0330fd17', true, '2026-04-01 13:20:07.531791+00', '2026-04-01 14:20:12.117497+00', 'ydjo23tq2kfy', '8d1ed040-d189-4793-aac1-11f17846a7e6'),
	('00000000-0000-0000-0000-000000000000', 653, '4xt3zfdr75t4', '193a7fb6-3ef1-4b67-906d-e20b40c57a7e', true, '2026-03-31 04:58:19.384205+00', '2026-03-31 05:58:25.346179+00', '6pljvxdlli6k', 'a529dc18-830a-4f48-bbde-c2cd7ed829a4'),
	('00000000-0000-0000-0000-000000000000', 932, '5oqilirjcfmp', 'ebac33f8-7fc7-40ca-97ca-2112788265e7', true, '2026-04-15 07:55:10.984243+00', '2026-04-16 09:25:06.587181+00', 'hqslieqrhvli', '26dadeb6-cb4d-400f-bddb-cb929d7e2f59'),
	('00000000-0000-0000-0000-000000000000', 487, 'ifckmsgxzinr', 'ff220f11-7804-4667-b17d-243c6066ae8c', true, '2026-03-27 07:33:56.897704+00', '2026-03-27 08:34:52.791136+00', '5co4icplppwc', '27ddbd98-5cfe-4db9-bcd5-dbf186308add'),
	('00000000-0000-0000-0000-000000000000', 742, 'j4em54z3kzdz', '10d71f96-e8ba-48e7-be60-25fc0330fd17', true, '2026-04-01 16:20:21.303299+00', '2026-04-01 17:20:26.991861+00', 'zvqmgk5zwc6y', '8d1ed040-d189-4793-aac1-11f17846a7e6'),
	('00000000-0000-0000-0000-000000000000', 64, 'd7mtko2bqngq', 'ff220f11-7804-4667-b17d-243c6066ae8c', true, '2026-03-06 06:57:17.503799+00', '2026-03-06 10:21:20.697071+00', '2tljbqtxy6e2', '27ddbd98-5cfe-4db9-bcd5-dbf186308add'),
	('00000000-0000-0000-0000-000000000000', 941, 'aitzcvapck2k', 'ebac33f8-7fc7-40ca-97ca-2112788265e7', true, '2026-04-16 09:32:26.883991+00', '2026-04-17 09:33:14.171372+00', NULL, '3fba54ee-37b8-4889-bf1d-ba2b5cb5c9f8'),
	('00000000-0000-0000-0000-000000000000', 596, '4aoecawww726', '4928d9b5-ab36-4382-bec3-136edbef7314', true, '2026-03-30 06:56:32.468226+00', '2026-03-30 07:54:40.930335+00', 'o3uxbo3hh54b', '9651164d-0f54-40ab-a6eb-4955eda08e9b'),
	('00000000-0000-0000-0000-000000000000', 395, '7btmcjetyol6', '4928d9b5-ab36-4382-bec3-136edbef7314', true, '2026-03-23 13:58:52.947272+00', '2026-03-23 16:05:15.200776+00', 'ezksjbz6kru2', '9651164d-0f54-40ab-a6eb-4955eda08e9b'),
	('00000000-0000-0000-0000-000000000000', 572, 'yozcec4q3kdz', 'ff220f11-7804-4667-b17d-243c6066ae8c', true, '2026-03-29 15:06:21.43411+00', '2026-03-30 08:02:39.745368+00', 'az2kn24oalnu', '27ddbd98-5cfe-4db9-bcd5-dbf186308add'),
	('00000000-0000-0000-0000-000000000000', 745, 'vbm6ontauhhv', '10d71f96-e8ba-48e7-be60-25fc0330fd17', true, '2026-04-01 17:20:27.004119+00', '2026-04-01 18:20:31.904881+00', 'j4em54z3kzdz', '8d1ed040-d189-4793-aac1-11f17846a7e6'),
	('00000000-0000-0000-0000-000000000000', 680, 'sqwllwkzwclc', 'ff220f11-7804-4667-b17d-243c6066ae8c', true, '2026-03-31 12:25:59.646202+00', '2026-03-31 13:29:29.894617+00', '547tifxwjmm2', '27ddbd98-5cfe-4db9-bcd5-dbf186308add'),
	('00000000-0000-0000-0000-000000000000', 74, 'qh223q22rt47', 'ff220f11-7804-4667-b17d-243c6066ae8c', false, '2026-03-06 11:17:12.836398+00', '2026-03-06 11:17:12.836398+00', NULL, '7aa569a9-3f09-4a3a-9479-a2785d6a7b52'),
	('00000000-0000-0000-0000-000000000000', 83, 'nc2fhgzjf6su', 'ff220f11-7804-4667-b17d-243c6066ae8c', true, '2026-03-06 14:05:28.05304+00', '2026-03-24 16:27:11.521859+00', '3jz4vhtnvztv', '2840e434-1958-495f-9c81-0cca107120dc'),
	('00000000-0000-0000-0000-000000000000', 509, 'phgi2dtxzzd4', '4928d9b5-ab36-4382-bec3-136edbef7314', true, '2026-03-27 10:27:00.247854+00', '2026-03-27 12:13:33.482693+00', '4bpayurgjwy7', '9651164d-0f54-40ab-a6eb-4955eda08e9b'),
	('00000000-0000-0000-0000-000000000000', 601, 'pe6ujjxlv3px', '4928d9b5-ab36-4382-bec3-136edbef7314', true, '2026-03-30 11:45:33.444564+00', '2026-03-30 12:45:36.98524+00', 'oi3mp3o3zver', '9651164d-0f54-40ab-a6eb-4955eda08e9b'),
	('00000000-0000-0000-0000-000000000000', 748, 'bbl7bfb6ebxj', '10d71f96-e8ba-48e7-be60-25fc0330fd17', true, '2026-04-01 19:20:38.235288+00', '2026-04-01 20:20:43.190872+00', 'zjvnwqbiv3ey', '8d1ed040-d189-4793-aac1-11f17846a7e6'),
	('00000000-0000-0000-0000-000000000000', 689, '5qcc7oxxg72z', '193a7fb6-3ef1-4b67-906d-e20b40c57a7e', true, '2026-03-31 13:59:21.848489+00', '2026-03-31 14:59:27.893503+00', 'xoth6tcn3ycg', 'a529dc18-830a-4f48-bbde-c2cd7ed829a4'),
	('00000000-0000-0000-0000-000000000000', 417, '4tqsz3ftvekw', '10d71f96-e8ba-48e7-be60-25fc0330fd17', true, '2026-03-25 09:44:00.563363+00', '2026-03-26 08:29:27.678989+00', 'gn76x566s3aj', '180e748d-cc82-4960-8a9b-ad9f65124d15'),
	('00000000-0000-0000-0000-000000000000', 423, 'lbwjsymvfazx', '4928d9b5-ab36-4382-bec3-136edbef7314', true, '2026-03-25 17:00:13.257426+00', '2026-03-26 08:30:49.59725+00', '7icw67ngd5ga', '9651164d-0f54-40ab-a6eb-4955eda08e9b'),
	('00000000-0000-0000-0000-000000000000', 750, 'x5r4iyhom2s6', '10d71f96-e8ba-48e7-be60-25fc0330fd17', true, '2026-04-01 21:20:48.921934+00', '2026-04-01 22:20:54.074461+00', 'q4dbhubvso2g', '8d1ed040-d189-4793-aac1-11f17846a7e6'),
	('00000000-0000-0000-0000-000000000000', 434, '27a2yvxnc5bh', '4928d9b5-ab36-4382-bec3-136edbef7314', true, '2026-03-26 08:30:49.626791+00', '2026-03-26 09:28:54.859172+00', 'lbwjsymvfazx', '9651164d-0f54-40ab-a6eb-4955eda08e9b'),
	('00000000-0000-0000-0000-000000000000', 752, 'eq4zaheo3ero', '10d71f96-e8ba-48e7-be60-25fc0330fd17', true, '2026-04-01 23:21:00.884553+00', '2026-04-02 00:21:05.789819+00', 'gbeclawegi5i', '8d1ed040-d189-4793-aac1-11f17846a7e6'),
	('00000000-0000-0000-0000-000000000000', 607, 'rdzj2zsmeatj', '4928d9b5-ab36-4382-bec3-136edbef7314', true, '2026-03-30 12:45:37.001701+00', '2026-03-30 14:28:11.105704+00', 'pe6ujjxlv3px', '9651164d-0f54-40ab-a6eb-4955eda08e9b'),
	('00000000-0000-0000-0000-000000000000', 754, 'epwxah3i6coq', '10d71f96-e8ba-48e7-be60-25fc0330fd17', true, '2026-04-02 01:21:10.439912+00', '2026-04-02 02:21:15.057682+00', 'jtsdeuoumysk', '8d1ed040-d189-4793-aac1-11f17846a7e6'),
	('00000000-0000-0000-0000-000000000000', 617, 'yekre7blyysx', '4928d9b5-ab36-4382-bec3-136edbef7314', true, '2026-03-30 14:28:11.119616+00', '2026-03-30 16:02:29.234064+00', 'rdzj2zsmeatj', '9651164d-0f54-40ab-a6eb-4955eda08e9b'),
	('00000000-0000-0000-0000-000000000000', 685, '2cyzqtdzpumk', '10d71f96-e8ba-48e7-be60-25fc0330fd17', true, '2026-03-31 13:27:21.983389+00', '2026-04-01 05:02:41.032433+00', '7ekwvse4hbnd', '180e748d-cc82-4960-8a9b-ad9f65124d15'),
	('00000000-0000-0000-0000-000000000000', 756, '5ux2y3x6fhku', '10d71f96-e8ba-48e7-be60-25fc0330fd17', true, '2026-04-02 03:21:19.593488+00', '2026-04-02 04:21:24.342051+00', 'grtuaughv2vo', '8d1ed040-d189-4793-aac1-11f17846a7e6'),
	('00000000-0000-0000-0000-000000000000', 718, 'kksxtww2633s', '10d71f96-e8ba-48e7-be60-25fc0330fd17', true, '2026-04-01 07:19:37.367681+00', '2026-04-01 08:19:43.01641+00', 'nost25wfilfh', '8d1ed040-d189-4793-aac1-11f17846a7e6'),
	('00000000-0000-0000-0000-000000000000', 730, 'jv6kggjmj6ki', '10d71f96-e8ba-48e7-be60-25fc0330fd17', true, '2026-04-01 11:23:50.037161+00', '2026-04-02 05:20:38.780955+00', 'uqby5mzfpuk5', '180e748d-cc82-4960-8a9b-ad9f65124d15'),
	('00000000-0000-0000-0000-000000000000', 82, 'mxvvtrbjoqnz', 'ff220f11-7804-4667-b17d-243c6066ae8c', true, '2026-03-06 13:57:15.997472+00', '2026-03-09 06:42:25.144801+00', 'irz3gzgabkav', '27ddbd98-5cfe-4db9-bcd5-dbf186308add'),
	('00000000-0000-0000-0000-000000000000', 80, 'hx4w2s5ze6uu', '4928d9b5-ab36-4382-bec3-136edbef7314', true, '2026-03-06 12:21:13.717646+00', '2026-03-11 08:27:44.576948+00', 'ult3x4mkw66p', '9651164d-0f54-40ab-a6eb-4955eda08e9b'),
	('00000000-0000-0000-0000-000000000000', 654, 'uup4j7xjmt3u', '10d71f96-e8ba-48e7-be60-25fc0330fd17', true, '2026-03-31 05:12:06.628222+00', '2026-03-31 09:04:25.059892+00', 'fslp5b5iiehe', '180e748d-cc82-4960-8a9b-ad9f65124d15'),
	('00000000-0000-0000-0000-000000000000', 294, 'ifzjf3mjd37q', 'ff220f11-7804-4667-b17d-243c6066ae8c', true, '2026-03-16 14:52:11.866633+00', '2026-03-16 16:24:24.505978+00', 'm2jw7vrk5nlx', '27ddbd98-5cfe-4db9-bcd5-dbf186308add'),
	('00000000-0000-0000-0000-000000000000', 161, '6glcmzwvfzw5', '4928d9b5-ab36-4382-bec3-136edbef7314', true, '2026-03-11 09:26:25.987658+00', '2026-03-11 10:35:02.906005+00', '6bgcumd2xvqz', '9651164d-0f54-40ab-a6eb-4955eda08e9b'),
	('00000000-0000-0000-0000-000000000000', 665, 'jk73qxkklwyl', '193a7fb6-3ef1-4b67-906d-e20b40c57a7e', true, '2026-03-31 09:58:53.769143+00', '2026-03-31 10:58:59.107578+00', '3szpvpgogonm', 'a529dc18-830a-4f48-bbde-c2cd7ed829a4'),
	('00000000-0000-0000-0000-000000000000', 924, 'hqslieqrhvli', 'ebac33f8-7fc7-40ca-97ca-2112788265e7', true, '2026-04-14 06:25:42.103183+00', '2026-04-15 07:55:10.969106+00', NULL, '26dadeb6-cb4d-400f-bddb-cb929d7e2f59'),
	('00000000-0000-0000-0000-000000000000', 639, 'ed2ehqfhxhlm', '193a7fb6-3ef1-4b67-906d-e20b40c57a7e', true, '2026-03-30 17:56:59.324719+00', '2026-03-30 18:57:05.32027+00', '45fqclcxbgtw', 'a529dc18-830a-4f48-bbde-c2cd7ed829a4'),
	('00000000-0000-0000-0000-000000000000', 726, '7opstg466krz', '10d71f96-e8ba-48e7-be60-25fc0330fd17', true, '2026-04-01 10:19:54.000049+00', '2026-04-01 11:19:58.404659+00', '7w25uhhtainr', '8d1ed040-d189-4793-aac1-11f17846a7e6'),
	('00000000-0000-0000-0000-000000000000', 488, 'omgmvn62rath', '4928d9b5-ab36-4382-bec3-136edbef7314', true, '2026-03-27 07:42:06.502906+00', '2026-03-27 09:09:00.360785+00', 'h3rstrnwdxw7', '9651164d-0f54-40ab-a6eb-4955eda08e9b'),
	('00000000-0000-0000-0000-000000000000', 265, '42pvyaxatmrs', 'ff220f11-7804-4667-b17d-243c6066ae8c', true, '2026-03-15 16:53:56.801984+00', '2026-03-15 17:56:01.125537+00', 's5nz2twnleuu', '27ddbd98-5cfe-4db9-bcd5-dbf186308add'),
	('00000000-0000-0000-0000-000000000000', 644, 'pg2axnn3em4b', '193a7fb6-3ef1-4b67-906d-e20b40c57a7e', true, '2026-03-30 19:57:15.674813+00', '2026-03-30 20:57:21.87724+00', 'iqjkp3f426wn', 'a529dc18-830a-4f48-bbde-c2cd7ed829a4'),
	('00000000-0000-0000-0000-000000000000', 723, '7hfu4oatg72t', '4928d9b5-ab36-4382-bec3-136edbef7314', true, '2026-04-01 08:37:40.858222+00', '2026-04-01 16:21:30.525916+00', 'kpbammbuvzpm', '9651164d-0f54-40ab-a6eb-4955eda08e9b'),
	('00000000-0000-0000-0000-000000000000', 315, 'y37cdaxeqww5', 'ff220f11-7804-4667-b17d-243c6066ae8c', true, '2026-03-17 15:35:32.577903+00', '2026-03-17 16:34:04.119724+00', 'x4jl3mgcnong', '27ddbd98-5cfe-4db9-bcd5-dbf186308add'),
	('00000000-0000-0000-0000-000000000000', 455, '4i5acwmeqywe', '10d71f96-e8ba-48e7-be60-25fc0330fd17', true, '2026-03-26 15:02:28.440858+00', '2026-03-27 09:39:01.383296+00', 'qpne33xmlita', '180e748d-cc82-4960-8a9b-ad9f65124d15'),
	('00000000-0000-0000-0000-000000000000', 320, 'bq455m43ldvw', 'ff220f11-7804-4667-b17d-243c6066ae8c', true, '2026-03-18 07:29:58.360166+00', '2026-03-18 08:28:28.478886+00', 'bs4l5ecq7uuv', '27ddbd98-5cfe-4db9-bcd5-dbf186308add'),
	('00000000-0000-0000-0000-000000000000', 649, 'dswidfuk6pxc', '193a7fb6-3ef1-4b67-906d-e20b40c57a7e', true, '2026-03-31 00:57:53.654588+00', '2026-03-31 01:57:59.58075+00', 'kd4ot2inmq5n', 'a529dc18-830a-4f48-bbde-c2cd7ed829a4'),
	('00000000-0000-0000-0000-000000000000', 325, 'khgms2l4ejwc', 'ff220f11-7804-4667-b17d-243c6066ae8c', true, '2026-03-18 10:25:28.39113+00', '2026-03-18 11:34:24.297382+00', 'm6ayrc3gqxna', '27ddbd98-5cfe-4db9-bcd5-dbf186308add'),
	('00000000-0000-0000-0000-000000000000', 670, 'yilzsuwhny7m', '193a7fb6-3ef1-4b67-906d-e20b40c57a7e', true, '2026-03-31 10:58:59.122898+00', '2026-03-31 11:59:04.672185+00', 'jk73qxkklwyl', 'a529dc18-830a-4f48-bbde-c2cd7ed829a4'),
	('00000000-0000-0000-0000-000000000000', 510, 'abvkeo5m5qxd', '4928d9b5-ab36-4382-bec3-136edbef7314', true, '2026-03-27 12:13:33.501457+00', '2026-03-27 14:47:35.24001+00', 'phgi2dtxzzd4', '9651164d-0f54-40ab-a6eb-4955eda08e9b'),
	('00000000-0000-0000-0000-000000000000', 933, 'ea5dwoaooim2', 'ff220f11-7804-4667-b17d-243c6066ae8c', true, '2026-04-15 09:12:02.568899+00', '2026-04-16 09:11:35.186043+00', 'vqy5opgqxsvs', '27ddbd98-5cfe-4db9-bcd5-dbf186308add'),
	('00000000-0000-0000-0000-000000000000', 356, 'melt45nzbq5n', 'ff220f11-7804-4667-b17d-243c6066ae8c', true, '2026-03-20 15:28:15.688957+00', '2026-03-23 07:22:36.6297+00', 'r6snlhhqxqht', '27ddbd98-5cfe-4db9-bcd5-dbf186308add'),
	('00000000-0000-0000-0000-000000000000', 341, 'w2bffbxjbzlo', 'ff220f11-7804-4667-b17d-243c6066ae8c', true, '2026-03-19 13:31:37.682148+00', '2026-03-19 14:29:57.713115+00', 'lg5ertf6vvya', '27ddbd98-5cfe-4db9-bcd5-dbf186308add'),
	('00000000-0000-0000-0000-000000000000', 346, 'rykxcoeiynxg', 'ff220f11-7804-4667-b17d-243c6066ae8c', true, '2026-03-20 06:11:22.643516+00', '2026-03-20 07:14:25.822596+00', 'cazjlp3va34h', '27ddbd98-5cfe-4db9-bcd5-dbf186308add'),
	('00000000-0000-0000-0000-000000000000', 518, 'uchiljzsfqob', '4928d9b5-ab36-4382-bec3-136edbef7314', true, '2026-03-27 14:47:35.241116+00', '2026-03-27 15:49:53.120046+00', 'abvkeo5m5qxd', '9651164d-0f54-40ab-a6eb-4955eda08e9b'),
	('00000000-0000-0000-0000-000000000000', 682, 'xoth6tcn3ycg', '193a7fb6-3ef1-4b67-906d-e20b40c57a7e', true, '2026-03-31 12:59:11.644074+00', '2026-03-31 13:59:21.839449+00', 'rbe336epyg5l', 'a529dc18-830a-4f48-bbde-c2cd7ed829a4'),
	('00000000-0000-0000-0000-000000000000', 385, 'ebagwm4envpj', 'ff220f11-7804-4667-b17d-243c6066ae8c', true, '2026-03-23 07:22:36.661212+00', '2026-03-23 13:11:23.830954+00', 'melt45nzbq5n', '27ddbd98-5cfe-4db9-bcd5-dbf186308add'),
	('00000000-0000-0000-0000-000000000000', 659, 'd4zwmzyniyfn', '193a7fb6-3ef1-4b67-906d-e20b40c57a7e', true, '2026-03-31 07:58:41.839306+00', '2026-03-31 08:58:47.481186+00', '6ccn2mpke3m5', 'a529dc18-830a-4f48-bbde-c2cd7ed829a4'),
	('00000000-0000-0000-0000-000000000000', 686, 'rwhoun7fkcmc', 'ff220f11-7804-4667-b17d-243c6066ae8c', true, '2026-03-31 13:29:29.897552+00', '2026-03-31 14:27:52.273831+00', 'sqwllwkzwclc', '27ddbd98-5cfe-4db9-bcd5-dbf186308add'),
	('00000000-0000-0000-0000-000000000000', 396, '6yecn73wdcpl', 'ff220f11-7804-4667-b17d-243c6066ae8c', true, '2026-03-23 14:13:11.689904+00', '2026-03-23 16:32:04.279105+00', '7yr25f5jcuqq', '27ddbd98-5cfe-4db9-bcd5-dbf186308add'),
	('00000000-0000-0000-0000-000000000000', 531, 'hhck65k3lkwv', '4928d9b5-ab36-4382-bec3-136edbef7314', true, '2026-03-27 17:04:01.038209+00', '2026-03-30 05:58:18.694115+00', 'dc7gkkncd6kj', '9651164d-0f54-40ab-a6eb-4955eda08e9b'),
	('00000000-0000-0000-0000-000000000000', 122, 'h2u5775k2e6i', 'ff220f11-7804-4667-b17d-243c6066ae8c', true, '2026-03-09 06:42:25.173573+00', '2026-03-09 09:22:01.565784+00', 'mxvvtrbjoqnz', '27ddbd98-5cfe-4db9-bcd5-dbf186308add'),
	('00000000-0000-0000-0000-000000000000', 592, 'o3uxbo3hh54b', '4928d9b5-ab36-4382-bec3-136edbef7314', true, '2026-03-30 05:58:18.71151+00', '2026-03-30 06:56:32.453448+00', 'hhck65k3lkwv', '9651164d-0f54-40ab-a6eb-4955eda08e9b'),
	('00000000-0000-0000-0000-000000000000', 695, 'u3cux73okfjn', '193a7fb6-3ef1-4b67-906d-e20b40c57a7e', false, '2026-03-31 15:59:36.174369+00', '2026-03-31 15:59:36.174369+00', '3wnhprcjtfpd', 'a529dc18-830a-4f48-bbde-c2cd7ed829a4'),
	('00000000-0000-0000-0000-000000000000', 351, 'ee3hmv2dreq6', '10d71f96-e8ba-48e7-be60-25fc0330fd17', true, '2026-03-20 07:20:11.47065+00', '2026-03-25 06:10:15.856541+00', NULL, '180e748d-cc82-4960-8a9b-ad9f65124d15'),
	('00000000-0000-0000-0000-000000000000', 407, 'oxtfhd5ngb4k', '4928d9b5-ab36-4382-bec3-136edbef7314', true, '2026-03-24 16:06:41.623854+00', '2026-03-25 07:07:09.810269+00', 'qcg4od4ppax5', '9651164d-0f54-40ab-a6eb-4955eda08e9b'),
	('00000000-0000-0000-0000-000000000000', 597, 'kpnvq2jgoy5l', '4928d9b5-ab36-4382-bec3-136edbef7314', true, '2026-03-30 07:54:40.964521+00', '2026-03-30 09:25:22.676558+00', '4aoecawww726', '9651164d-0f54-40ab-a6eb-4955eda08e9b'),
	('00000000-0000-0000-0000-000000000000', 418, 'c2bftagilxqf', 'ff220f11-7804-4667-b17d-243c6066ae8c', true, '2026-03-25 12:48:08.971136+00', '2026-03-26 06:33:23.56029+00', 'vsrilny5osbq', '27ddbd98-5cfe-4db9-bcd5-dbf186308add'),
	('00000000-0000-0000-0000-000000000000', 430, '5woe3ycevtwm', 'ff220f11-7804-4667-b17d-243c6066ae8c', true, '2026-03-26 06:33:23.579742+00', '2026-03-26 08:09:30.616106+00', 'c2bftagilxqf', '27ddbd98-5cfe-4db9-bcd5-dbf186308add'),
	('00000000-0000-0000-0000-000000000000', 610, 'iyt2xkci5dhk', '193a7fb6-3ef1-4b67-906d-e20b40c57a7e', true, '2026-03-30 12:56:22.741081+00', '2026-03-30 13:56:33.804706+00', 'ftgly7y37ny6', 'a529dc18-830a-4f48-bbde-c2cd7ed829a4'),
	('00000000-0000-0000-0000-000000000000', 710, 'g7sqy7zxqn3z', '10d71f96-e8ba-48e7-be60-25fc0330fd17', true, '2026-04-01 05:02:41.062997+00', '2026-04-01 06:09:42.939127+00', '2cyzqtdzpumk', '180e748d-cc82-4960-8a9b-ad9f65124d15'),
	('00000000-0000-0000-0000-000000000000', 440, '2dzlvrdr4pg4', '10d71f96-e8ba-48e7-be60-25fc0330fd17', true, '2026-03-26 09:51:59.127854+00', '2026-03-26 12:06:14.58298+00', 'zcolbmnyguap', '180e748d-cc82-4960-8a9b-ad9f65124d15'),
	('00000000-0000-0000-0000-000000000000', 715, 'nost25wfilfh', '10d71f96-e8ba-48e7-be60-25fc0330fd17', true, '2026-04-01 06:19:11.012857+00', '2026-04-01 07:19:37.352546+00', NULL, '8d1ed040-d189-4793-aac1-11f17846a7e6'),
	('00000000-0000-0000-0000-000000000000', 623, 'vfrjzfglgas3', '193a7fb6-3ef1-4b67-906d-e20b40c57a7e', false, '2026-03-30 15:42:39.764307+00', '2026-03-30 15:42:39.764307+00', 'jdp26zwxolcs', 'fe8b0bd8-fe0e-4c25-b3bc-65c176389f30'),
	('00000000-0000-0000-0000-000000000000', 694, 'kpbammbuvzpm', '4928d9b5-ab36-4382-bec3-136edbef7314', true, '2026-03-31 15:58:47.906549+00', '2026-04-01 08:37:40.857423+00', '5nifc6gm7gah', '9651164d-0f54-40ab-a6eb-4955eda08e9b'),
	('00000000-0000-0000-0000-000000000000', 123, 'ikt2shr3ktz4', 'ff220f11-7804-4667-b17d-243c6066ae8c', true, '2026-03-09 09:22:01.597715+00', '2026-03-09 16:59:09.483381+00', 'h2u5775k2e6i', '27ddbd98-5cfe-4db9-bcd5-dbf186308add'),
	('00000000-0000-0000-0000-000000000000', 137, 'lqefprpfrpjo', 'ff220f11-7804-4667-b17d-243c6066ae8c', true, '2026-03-09 16:59:09.493967+00', '2026-03-10 06:27:01.013456+00', 'ikt2shr3ktz4', '27ddbd98-5cfe-4db9-bcd5-dbf186308add'),
	('00000000-0000-0000-0000-000000000000', 140, '23z3ctdbxxwh', 'ff220f11-7804-4667-b17d-243c6066ae8c', true, '2026-03-10 06:27:01.02033+00', '2026-03-10 07:46:32.61471+00', 'lqefprpfrpjo', '27ddbd98-5cfe-4db9-bcd5-dbf186308add'),
	('00000000-0000-0000-0000-000000000000', 143, '7rphs2zpon7y', 'ff220f11-7804-4667-b17d-243c6066ae8c', true, '2026-03-10 07:46:32.625046+00', '2026-03-10 09:08:44.028151+00', '23z3ctdbxxwh', '27ddbd98-5cfe-4db9-bcd5-dbf186308add'),
	('00000000-0000-0000-0000-000000000000', 145, 'lwosxdz6p52j', 'ff220f11-7804-4667-b17d-243c6066ae8c', true, '2026-03-10 09:08:44.037298+00', '2026-03-10 12:04:05.187245+00', '7rphs2zpon7y', '27ddbd98-5cfe-4db9-bcd5-dbf186308add'),
	('00000000-0000-0000-0000-000000000000', 148, 'plukhlsl35vv', 'ff220f11-7804-4667-b17d-243c6066ae8c', true, '2026-03-10 12:04:05.191913+00', '2026-03-10 15:48:05.476501+00', 'lwosxdz6p52j', '27ddbd98-5cfe-4db9-bcd5-dbf186308add'),
	('00000000-0000-0000-0000-000000000000', 150, 'ngfoysrmrplq', 'ff220f11-7804-4667-b17d-243c6066ae8c', true, '2026-03-10 15:48:05.4892+00', '2026-03-10 16:46:27.155785+00', 'plukhlsl35vv', '27ddbd98-5cfe-4db9-bcd5-dbf186308add'),
	('00000000-0000-0000-0000-000000000000', 155, 't3jj4nkhshlt', 'ff220f11-7804-4667-b17d-243c6066ae8c', true, '2026-03-11 07:52:10.090961+00', '2026-03-11 08:54:22.631786+00', 'j7ynixui7vvb', '27ddbd98-5cfe-4db9-bcd5-dbf186308add'),
	('00000000-0000-0000-0000-000000000000', 286, 'm2jw7vrk5nlx', 'ff220f11-7804-4667-b17d-243c6066ae8c', true, '2026-03-16 12:42:26.886001+00', '2026-03-16 14:52:11.848761+00', 'vozjra5zyqvl', '27ddbd98-5cfe-4db9-bcd5-dbf186308add'),
	('00000000-0000-0000-0000-000000000000', 519, 'rtmovp5rqpil', 'ff220f11-7804-4667-b17d-243c6066ae8c', true, '2026-03-27 15:10:21.656529+00', '2026-03-27 18:03:50.654183+00', 'gwtcqiohbqll', '27ddbd98-5cfe-4db9-bcd5-dbf186308add'),
	('00000000-0000-0000-0000-000000000000', 157, '6bgcumd2xvqz', '4928d9b5-ab36-4382-bec3-136edbef7314', true, '2026-03-11 08:27:44.595106+00', '2026-03-11 09:26:25.968133+00', 'hx4w2s5ze6uu', '9651164d-0f54-40ab-a6eb-4955eda08e9b'),
	('00000000-0000-0000-0000-000000000000', 152, 'sr5c2nvysy6k', 'ff220f11-7804-4667-b17d-243c6066ae8c', true, '2026-03-10 16:46:27.175199+00', '2026-03-11 06:53:40.850522+00', 'ngfoysrmrplq', '27ddbd98-5cfe-4db9-bcd5-dbf186308add'),
	('00000000-0000-0000-0000-000000000000', 154, 'j7ynixui7vvb', 'ff220f11-7804-4667-b17d-243c6066ae8c', true, '2026-03-11 06:53:40.883733+00', '2026-03-11 07:52:10.060298+00', 'sr5c2nvysy6k', '27ddbd98-5cfe-4db9-bcd5-dbf186308add'),
	('00000000-0000-0000-0000-000000000000', 925, 'hc7uho45dqma', '10d71f96-e8ba-48e7-be60-25fc0330fd17', true, '2026-04-14 06:59:15.134031+00', '2026-04-15 07:27:13.76401+00', 'p2vyqrr6yiud', '180e748d-cc82-4960-8a9b-ad9f65124d15'),
	('00000000-0000-0000-0000-000000000000', 467, '2mpu6clasuqs', 'ff220f11-7804-4667-b17d-243c6066ae8c', true, '2026-03-26 17:30:26.293285+00', '2026-03-27 06:28:56.153433+00', 'tnk2ryfe4xx2', '27ddbd98-5cfe-4db9-bcd5-dbf186308add'),
	('00000000-0000-0000-0000-000000000000', 645, 'baadfqocckdd', '193a7fb6-3ef1-4b67-906d-e20b40c57a7e', true, '2026-03-30 20:57:21.889189+00', '2026-03-30 21:57:27.94983+00', 'pg2axnn3em4b', 'a529dc18-830a-4f48-bbde-c2cd7ed829a4'),
	('00000000-0000-0000-0000-000000000000', 479, '5co4icplppwc', 'ff220f11-7804-4667-b17d-243c6066ae8c', true, '2026-03-27 06:28:56.175869+00', '2026-03-27 07:33:56.893306+00', '2mpu6clasuqs', '27ddbd98-5cfe-4db9-bcd5-dbf186308add'),
	('00000000-0000-0000-0000-000000000000', 316, 'dhyxzhzgurzi', 'ff220f11-7804-4667-b17d-243c6066ae8c', true, '2026-03-17 16:34:04.140651+00', '2026-03-17 18:47:11.8557+00', 'y37cdaxeqww5', '27ddbd98-5cfe-4db9-bcd5-dbf186308add'),
	('00000000-0000-0000-0000-000000000000', 934, 'jfaq3zrq766t', '193a7fb6-3ef1-4b67-906d-e20b40c57a7e', true, '2026-04-15 09:43:16.899445+00', '2026-04-16 13:45:15.790662+00', 'tju4hkqvlcu6', '7a608724-1a1c-4b12-b1f9-431c8bd754b7'),
	('00000000-0000-0000-0000-000000000000', 321, 'klwb7oure2dy', 'ff220f11-7804-4667-b17d-243c6066ae8c', true, '2026-03-18 08:28:28.499884+00', '2026-03-18 09:26:58.339418+00', 'bq455m43ldvw', '27ddbd98-5cfe-4db9-bcd5-dbf186308add'),
	('00000000-0000-0000-0000-000000000000', 650, 'tfretuctcxiu', '193a7fb6-3ef1-4b67-906d-e20b40c57a7e', true, '2026-03-31 01:57:59.591473+00', '2026-03-31 02:58:05.674369+00', 'dswidfuk6pxc', 'a529dc18-830a-4f48-bbde-c2cd7ed829a4'),
	('00000000-0000-0000-0000-000000000000', 666, '547tifxwjmm2', 'ff220f11-7804-4667-b17d-243c6066ae8c', true, '2026-03-31 10:00:26.329225+00', '2026-03-31 12:25:59.628691+00', 'hjqnvomycwas', '27ddbd98-5cfe-4db9-bcd5-dbf186308add'),
	('00000000-0000-0000-0000-000000000000', 159, 'sirkmprb7yv3', 'ff220f11-7804-4667-b17d-243c6066ae8c', true, '2026-03-11 08:54:22.662035+00', '2026-03-11 11:39:23.831266+00', 't3jj4nkhshlt', '27ddbd98-5cfe-4db9-bcd5-dbf186308add'),
	('00000000-0000-0000-0000-000000000000', 494, '4bpayurgjwy7', '4928d9b5-ab36-4382-bec3-136edbef7314', true, '2026-03-27 09:09:00.37491+00', '2026-03-27 10:27:00.228802+00', 'omgmvn62rath', '9651164d-0f54-40ab-a6eb-4955eda08e9b'),
	('00000000-0000-0000-0000-000000000000', 164, 'd5j4b2k4u6kz', '4928d9b5-ab36-4382-bec3-136edbef7314', true, '2026-03-11 10:35:02.919672+00', '2026-03-11 12:14:33.244754+00', '6glcmzwvfzw5', '9651164d-0f54-40ab-a6eb-4955eda08e9b'),
	('00000000-0000-0000-0000-000000000000', 671, '7ekwvse4hbnd', '10d71f96-e8ba-48e7-be60-25fc0330fd17', true, '2026-03-31 11:04:18.336505+00', '2026-03-31 13:27:21.982347+00', 'twsinyqcurt6', '180e748d-cc82-4960-8a9b-ad9f65124d15'),
	('00000000-0000-0000-0000-000000000000', 504, 'tr4ibgyk7p5k', 'ff220f11-7804-4667-b17d-243c6066ae8c', true, '2026-03-27 09:33:09.204633+00', '2026-03-27 14:02:53.787214+00', 'zuq4nvrnug72', '27ddbd98-5cfe-4db9-bcd5-dbf186308add'),
	('00000000-0000-0000-0000-000000000000', 332, 'aogajqtekwrk', 'ff220f11-7804-4667-b17d-243c6066ae8c', true, '2026-03-18 18:09:51.184603+00', '2026-03-19 07:51:12.778121+00', 'kte6ekbcfey7', '27ddbd98-5cfe-4db9-bcd5-dbf186308add'),
	('00000000-0000-0000-0000-000000000000', 166, 'upxnt3tifvys', 'ff220f11-7804-4667-b17d-243c6066ae8c', true, '2026-03-11 11:39:23.833241+00', '2026-03-11 13:01:02.624847+00', 'sirkmprb7yv3', '27ddbd98-5cfe-4db9-bcd5-dbf186308add'),
	('00000000-0000-0000-0000-000000000000', 512, 'fslp5b5iiehe', '10d71f96-e8ba-48e7-be60-25fc0330fd17', true, '2026-03-27 12:17:09.659063+00', '2026-03-31 05:12:06.61751+00', '2jrv4kmncodh', '180e748d-cc82-4960-8a9b-ad9f65124d15'),
	('00000000-0000-0000-0000-000000000000', 167, 'rvmu2ddwkfzx', '4928d9b5-ab36-4382-bec3-136edbef7314', true, '2026-03-11 12:14:33.262848+00', '2026-03-11 13:12:33.905632+00', 'd5j4b2k4u6kz', '9651164d-0f54-40ab-a6eb-4955eda08e9b'),
	('00000000-0000-0000-0000-000000000000', 337, 'vppadnjn4qqi', 'ff220f11-7804-4667-b17d-243c6066ae8c', true, '2026-03-19 07:51:12.791032+00', '2026-03-19 10:15:26.853953+00', 'aogajqtekwrk', '27ddbd98-5cfe-4db9-bcd5-dbf186308add'),
	('00000000-0000-0000-0000-000000000000', 391, '7yr25f5jcuqq', 'ff220f11-7804-4667-b17d-243c6066ae8c', true, '2026-03-23 13:11:23.845586+00', '2026-03-23 14:13:11.675757+00', 'ebagwm4envpj', '27ddbd98-5cfe-4db9-bcd5-dbf186308add'),
	('00000000-0000-0000-0000-000000000000', 342, 'ig5tbewh5nhd', 'ff220f11-7804-4667-b17d-243c6066ae8c', true, '2026-03-19 14:29:57.722208+00', '2026-03-19 16:30:36.695184+00', 'w2bffbxjbzlo', '27ddbd98-5cfe-4db9-bcd5-dbf186308add'),
	('00000000-0000-0000-0000-000000000000', 169, 'jkktsttuoqad', 'ff220f11-7804-4667-b17d-243c6066ae8c', true, '2026-03-11 13:01:02.666876+00', '2026-03-11 14:07:14.967003+00', 'upxnt3tifvys', '27ddbd98-5cfe-4db9-bcd5-dbf186308add'),
	('00000000-0000-0000-0000-000000000000', 942, 'tnx6lyohsil4', 'ebac33f8-7fc7-40ca-97ca-2112788265e7', true, '2026-04-16 10:14:35.664148+00', '2026-04-18 06:53:21.826483+00', 'dfd5xwfmblyw', 'c28c4730-6101-4d41-b1d9-b29d6df35fd7'),
	('00000000-0000-0000-0000-000000000000', 170, 'y55r7yl7zcl2', '4928d9b5-ab36-4382-bec3-136edbef7314', true, '2026-03-11 13:12:33.91538+00', '2026-03-11 14:11:00.072517+00', 'rvmu2ddwkfzx', '9651164d-0f54-40ab-a6eb-4955eda08e9b'),
	('00000000-0000-0000-0000-000000000000', 527, 'dc7gkkncd6kj', '4928d9b5-ab36-4382-bec3-136edbef7314', true, '2026-03-27 15:49:53.126924+00', '2026-03-27 17:04:01.008313+00', 'uchiljzsfqob', '9651164d-0f54-40ab-a6eb-4955eda08e9b'),
	('00000000-0000-0000-0000-000000000000', 655, 'd72cwrbr3xrd', '193a7fb6-3ef1-4b67-906d-e20b40c57a7e', true, '2026-03-31 05:58:25.36429+00', '2026-03-31 06:58:30.890789+00', '4xt3zfdr75t4', 'a529dc18-830a-4f48-bbde-c2cd7ed829a4'),
	('00000000-0000-0000-0000-000000000000', 173, 'a6hchjyd2lle', '4928d9b5-ab36-4382-bec3-136edbef7314', true, '2026-03-11 14:11:00.086666+00', '2026-03-11 15:09:30.113992+00', 'y55r7yl7zcl2', '9651164d-0f54-40ab-a6eb-4955eda08e9b'),
	('00000000-0000-0000-0000-000000000000', 739, 'zvqmgk5zwc6y', '10d71f96-e8ba-48e7-be60-25fc0330fd17', true, '2026-04-01 15:20:17.072461+00', '2026-04-01 16:20:21.295449+00', 'xofmrkplfrfh', '8d1ed040-d189-4793-aac1-11f17846a7e6'),
	('00000000-0000-0000-0000-000000000000', 403, 'meexdgsstcl4', 'ff220f11-7804-4667-b17d-243c6066ae8c', true, '2026-03-24 10:07:43.798937+00', '2026-03-24 12:47:45.158872+00', '2ktokiboq6az', '27ddbd98-5cfe-4db9-bcd5-dbf186308add'),
	('00000000-0000-0000-0000-000000000000', 409, 'exyx7fvrctrz', 'ff220f11-7804-4667-b17d-243c6066ae8c', false, '2026-03-24 16:27:11.523218+00', '2026-03-24 16:27:11.523218+00', 'nc2fhgzjf6su', '2840e434-1958-495f-9c81-0cca107120dc'),
	('00000000-0000-0000-0000-000000000000', 408, 'vnuwdlfuzz2y', 'ff220f11-7804-4667-b17d-243c6066ae8c', true, '2026-03-24 16:26:23.902693+00', '2026-03-24 17:33:40.93596+00', 'k2r6oagjboiz', '27ddbd98-5cfe-4db9-bcd5-dbf186308add'),
	('00000000-0000-0000-0000-000000000000', 172, 'rb6cjn44piw6', 'ff220f11-7804-4667-b17d-243c6066ae8c', true, '2026-03-11 14:07:14.984663+00', '2026-03-11 15:20:32.151005+00', 'jkktsttuoqad', '27ddbd98-5cfe-4db9-bcd5-dbf186308add'),
	('00000000-0000-0000-0000-000000000000', 178, '464gsd335qvo', 'ff220f11-7804-4667-b17d-243c6066ae8c', true, '2026-03-11 15:20:32.153674+00', '2026-03-11 17:00:10.148517+00', 'rb6cjn44piw6', '27ddbd98-5cfe-4db9-bcd5-dbf186308add'),
	('00000000-0000-0000-0000-000000000000', 414, 'gn76x566s3aj', '10d71f96-e8ba-48e7-be60-25fc0330fd17', true, '2026-03-25 06:10:15.879741+00', '2026-03-25 09:44:00.539562+00', 'ee3hmv2dreq6', '180e748d-cc82-4960-8a9b-ad9f65124d15'),
	('00000000-0000-0000-0000-000000000000', 175, 'ialftxed7e5i', '4928d9b5-ab36-4382-bec3-136edbef7314', true, '2026-03-11 15:09:30.134695+00', '2026-03-11 17:05:20.507159+00', 'a6hchjyd2lle', '9651164d-0f54-40ab-a6eb-4955eda08e9b'),
	('00000000-0000-0000-0000-000000000000', 179, '24istj4xomtf', 'ff220f11-7804-4667-b17d-243c6066ae8c', true, '2026-03-11 17:00:10.163226+00', '2026-03-12 07:01:44.194131+00', '464gsd335qvo', '27ddbd98-5cfe-4db9-bcd5-dbf186308add'),
	('00000000-0000-0000-0000-000000000000', 598, 'lme7f6gkn2jq', 'ff220f11-7804-4667-b17d-243c6066ae8c', true, '2026-03-30 08:02:39.752075+00', '2026-03-30 09:41:43.753881+00', 'yozcec4q3kdz', '27ddbd98-5cfe-4db9-bcd5-dbf186308add'),
	('00000000-0000-0000-0000-000000000000', 183, 'q5vslv5qoktj', 'ff220f11-7804-4667-b17d-243c6066ae8c', true, '2026-03-12 07:01:44.215596+00', '2026-03-12 10:23:11.98596+00', '24istj4xomtf', '27ddbd98-5cfe-4db9-bcd5-dbf186308add'),
	('00000000-0000-0000-0000-000000000000', 436, 'vd46p6cwi2no', 'ff220f11-7804-4667-b17d-243c6066ae8c', true, '2026-03-26 09:07:46.260035+00', '2026-03-26 10:11:07.777379+00', 'soy5q2qepvvx', '27ddbd98-5cfe-4db9-bcd5-dbf186308add'),
	('00000000-0000-0000-0000-000000000000', 441, '3xxowlheoi7f', 'ff220f11-7804-4667-b17d-243c6066ae8c', true, '2026-03-26 10:11:07.811664+00', '2026-03-26 12:41:41.968561+00', 'vd46p6cwi2no', '27ddbd98-5cfe-4db9-bcd5-dbf186308add'),
	('00000000-0000-0000-0000-000000000000', 186, '2uxjv3y5upjj', 'ff220f11-7804-4667-b17d-243c6066ae8c', true, '2026-03-12 10:23:12.016797+00', '2026-03-12 13:45:23.621921+00', 'q5vslv5qoktj', '27ddbd98-5cfe-4db9-bcd5-dbf186308add'),
	('00000000-0000-0000-0000-000000000000', 188, 'e5ckusf4vwl5', 'ff220f11-7804-4667-b17d-243c6066ae8c', true, '2026-03-12 13:45:23.64614+00', '2026-03-12 15:52:08.383496+00', '2uxjv3y5upjj', '27ddbd98-5cfe-4db9-bcd5-dbf186308add'),
	('00000000-0000-0000-0000-000000000000', 190, 'lhaolmsuf62h', 'ff220f11-7804-4667-b17d-243c6066ae8c', true, '2026-03-12 15:52:08.39782+00', '2026-03-13 06:31:32.130137+00', 'e5ckusf4vwl5', '27ddbd98-5cfe-4db9-bcd5-dbf186308add'),
	('00000000-0000-0000-0000-000000000000', 180, 'soo622pnwzsv', '4928d9b5-ab36-4382-bec3-136edbef7314', true, '2026-03-11 17:05:20.518951+00', '2026-03-13 13:29:16.268185+00', 'ialftxed7e5i', '9651164d-0f54-40ab-a6eb-4955eda08e9b'),
	('00000000-0000-0000-0000-000000000000', 761, 'p2vyqrr6yiud', '10d71f96-e8ba-48e7-be60-25fc0330fd17', true, '2026-04-02 05:20:38.781907+00', '2026-04-14 06:59:15.117622+00', 'jv6kggjmj6ki', '180e748d-cc82-4960-8a9b-ad9f65124d15'),
	('00000000-0000-0000-0000-000000000000', 236, 'vs6jfezl46uf', 'ff220f11-7804-4667-b17d-243c6066ae8c', true, '2026-03-14 16:40:16.59161+00', '2026-03-15 11:34:14.592782+00', 'n7236pm4icxt', '27ddbd98-5cfe-4db9-bcd5-dbf186308add'),
	('00000000-0000-0000-0000-000000000000', 720, '43e2w2fx4lnt', 'ff220f11-7804-4667-b17d-243c6066ae8c', true, '2026-04-01 08:01:20.326827+00', '2026-04-01 13:19:01.97029+00', '4l4ok67bfanw', '27ddbd98-5cfe-4db9-bcd5-dbf186308add'),
	('00000000-0000-0000-0000-000000000000', 732, 'ydjo23tq2kfy', '10d71f96-e8ba-48e7-be60-25fc0330fd17', true, '2026-04-01 12:20:03.493335+00', '2026-04-01 13:20:07.530052+00', 'qdggjxddjygm', '8d1ed040-d189-4793-aac1-11f17846a7e6'),
	('00000000-0000-0000-0000-000000000000', 926, 'vqy5opgqxsvs', 'ff220f11-7804-4667-b17d-243c6066ae8c', true, '2026-04-14 07:53:55.05025+00', '2026-04-15 09:12:02.551357+00', 'zst7caznnugd', '27ddbd98-5cfe-4db9-bcd5-dbf186308add'),
	('00000000-0000-0000-0000-000000000000', 458, 'h3rstrnwdxw7', '4928d9b5-ab36-4382-bec3-136edbef7314', true, '2026-03-26 15:23:18.622651+00', '2026-03-27 07:42:06.484365+00', '7nx33jxno766', '9651164d-0f54-40ab-a6eb-4955eda08e9b'),
	('00000000-0000-0000-0000-000000000000', 317, 'rfhp6aljmkkp', 'ff220f11-7804-4667-b17d-243c6066ae8c', true, '2026-03-17 18:47:11.878999+00', '2026-03-18 06:31:53.57613+00', 'dhyxzhzgurzi', '27ddbd98-5cfe-4db9-bcd5-dbf186308add'),
	('00000000-0000-0000-0000-000000000000', 201, 'i5476smcmyuj', 'ff220f11-7804-4667-b17d-243c6066ae8c', true, '2026-03-13 06:31:32.14766+00', '2026-03-13 12:55:15.842784+00', 'lhaolmsuf62h', '27ddbd98-5cfe-4db9-bcd5-dbf186308add'),
	('00000000-0000-0000-0000-000000000000', 736, 'xofmrkplfrfh', '10d71f96-e8ba-48e7-be60-25fc0330fd17', true, '2026-04-01 14:20:12.128416+00', '2026-04-01 15:20:17.065744+00', 'vl3y2hbnpjxz', '8d1ed040-d189-4793-aac1-11f17846a7e6'),
	('00000000-0000-0000-0000-000000000000', 646, 'hjwdahz44jor', '193a7fb6-3ef1-4b67-906d-e20b40c57a7e', true, '2026-03-30 21:57:27.959995+00', '2026-03-30 22:57:39.119491+00', 'baadfqocckdd', 'a529dc18-830a-4f48-bbde-c2cd7ed829a4'),
	('00000000-0000-0000-0000-000000000000', 322, 'm6ayrc3gqxna', 'ff220f11-7804-4667-b17d-243c6066ae8c', true, '2026-03-18 09:26:58.356101+00', '2026-03-18 10:25:28.371436+00', 'klwb7oure2dy', '27ddbd98-5cfe-4db9-bcd5-dbf186308add'),
	('00000000-0000-0000-0000-000000000000', 328, 'bfxz7kax4u5x', 'ff220f11-7804-4667-b17d-243c6066ae8c', true, '2026-03-18 11:34:24.314124+00', '2026-03-18 12:48:35.096863+00', 'khgms2l4ejwc', '27ddbd98-5cfe-4db9-bcd5-dbf186308add'),
	('00000000-0000-0000-0000-000000000000', 651, 'jswdax5wtegl', '193a7fb6-3ef1-4b67-906d-e20b40c57a7e', true, '2026-03-31 02:58:05.686663+00', '2026-03-31 03:58:12.729156+00', 'tfretuctcxiu', 'a529dc18-830a-4f48-bbde-c2cd7ed829a4'),
	('00000000-0000-0000-0000-000000000000', 678, 'rbe336epyg5l', '193a7fb6-3ef1-4b67-906d-e20b40c57a7e', true, '2026-03-31 11:59:04.681156+00', '2026-03-31 12:59:11.63357+00', 'yilzsuwhny7m', 'a529dc18-830a-4f48-bbde-c2cd7ed829a4'),
	('00000000-0000-0000-0000-000000000000', 943, 'tq7m25nz4zok', 'ebac33f8-7fc7-40ca-97ca-2112788265e7', false, '2026-04-16 10:23:32.621064+00', '2026-04-16 10:23:32.621064+00', NULL, '08e46580-b029-4701-a836-d1efb19fc51b'),
	('00000000-0000-0000-0000-000000000000', 935, 'qmxaysizhx5o', '4928d9b5-ab36-4382-bec3-136edbef7314', true, '2026-04-15 11:18:07.179806+00', '2026-04-16 11:17:02.464205+00', 'wdpz3kik5kqs', '9651164d-0f54-40ab-a6eb-4955eda08e9b'),
	('00000000-0000-0000-0000-000000000000', 343, '4josdkkaenn3', 'ff220f11-7804-4667-b17d-243c6066ae8c', true, '2026-03-19 16:30:36.720306+00', '2026-03-19 20:30:08.423203+00', 'ig5tbewh5nhd', '27ddbd98-5cfe-4db9-bcd5-dbf186308add'),
	('00000000-0000-0000-0000-000000000000', 513, 'gwtcqiohbqll', 'ff220f11-7804-4667-b17d-243c6066ae8c', true, '2026-03-27 14:02:53.80649+00', '2026-03-27 15:10:21.631446+00', 'tr4ibgyk7p5k', '27ddbd98-5cfe-4db9-bcd5-dbf186308add'),
	('00000000-0000-0000-0000-000000000000', 392, 'tkyqww3npeds', '4928d9b5-ab36-4382-bec3-136edbef7314', false, '2026-03-23 13:37:11.53413+00', '2026-03-23 13:37:11.53413+00', NULL, '1b0bcffe-ee17-4500-8db5-4186efea9fa8'),
	('00000000-0000-0000-0000-000000000000', 746, 'zjvnwqbiv3ey', '10d71f96-e8ba-48e7-be60-25fc0330fd17', true, '2026-04-01 18:20:31.912942+00', '2026-04-01 19:20:38.220144+00', 'vbm6ontauhhv', '8d1ed040-d189-4793-aac1-11f17846a7e6'),
	('00000000-0000-0000-0000-000000000000', 207, 'ezksjbz6kru2', '4928d9b5-ab36-4382-bec3-136edbef7314', true, '2026-03-13 13:29:16.280317+00', '2026-03-23 13:58:52.945463+00', 'soo622pnwzsv', '9651164d-0f54-40ab-a6eb-4955eda08e9b'),
	('00000000-0000-0000-0000-000000000000', 749, 'q4dbhubvso2g', '10d71f96-e8ba-48e7-be60-25fc0330fd17', true, '2026-04-01 20:20:43.198218+00', '2026-04-01 21:20:48.912489+00', 'bbl7bfb6ebxj', '8d1ed040-d189-4793-aac1-11f17846a7e6'),
	('00000000-0000-0000-0000-000000000000', 672, '5nifc6gm7gah', '4928d9b5-ab36-4382-bec3-136edbef7314', true, '2026-03-31 11:12:12.371631+00', '2026-03-31 15:58:47.892911+00', '46cvnh56iza5', '9651164d-0f54-40ab-a6eb-4955eda08e9b'),
	('00000000-0000-0000-0000-000000000000', 949, 'qobuhal2brj4', 'ebac33f8-7fc7-40ca-97ca-2112788265e7', true, '2026-04-17 12:27:19.479475+00', '2026-04-19 12:05:34.528287+00', 'rnwcaqs6rbzn', '848e2d93-46f0-40f9-989b-666952a7ca84'),
	('00000000-0000-0000-0000-000000000000', 399, 'qcg4od4ppax5', '4928d9b5-ab36-4382-bec3-136edbef7314', true, '2026-03-23 16:05:15.215533+00', '2026-03-24 16:06:41.600438+00', '7btmcjetyol6', '9651164d-0f54-40ab-a6eb-4955eda08e9b'),
	('00000000-0000-0000-0000-000000000000', 751, 'gbeclawegi5i', '10d71f96-e8ba-48e7-be60-25fc0330fd17', true, '2026-04-01 22:20:54.080951+00', '2026-04-01 23:21:00.876541+00', 'x5r4iyhom2s6', '8d1ed040-d189-4793-aac1-11f17846a7e6'),
	('00000000-0000-0000-0000-000000000000', 964, 'k4neg443zbng', 'ebac33f8-7fc7-40ca-97ca-2112788265e7', false, '2026-04-19 15:21:51.444146+00', '2026-04-19 15:21:51.444146+00', '6thbkuxhlm2w', '3fba54ee-37b8-4889-bf1d-ba2b5cb5c9f8'),
	('00000000-0000-0000-0000-000000000000', 753, 'jtsdeuoumysk', '10d71f96-e8ba-48e7-be60-25fc0330fd17', true, '2026-04-02 00:21:05.805538+00', '2026-04-02 01:21:10.43342+00', 'eq4zaheo3ero', '8d1ed040-d189-4793-aac1-11f17846a7e6'),
	('00000000-0000-0000-0000-000000000000', 755, 'grtuaughv2vo', '10d71f96-e8ba-48e7-be60-25fc0330fd17', true, '2026-04-02 02:21:15.066139+00', '2026-04-02 03:21:19.582366+00', 'epwxah3i6coq', '8d1ed040-d189-4793-aac1-11f17846a7e6'),
	('00000000-0000-0000-0000-000000000000', 599, 'oi3mp3o3zver', '4928d9b5-ab36-4382-bec3-136edbef7314', true, '2026-03-30 09:25:22.693982+00', '2026-03-30 11:45:33.428655+00', 'kpnvq2jgoy5l', '9651164d-0f54-40ab-a6eb-4955eda08e9b'),
	('00000000-0000-0000-0000-000000000000', 206, 'dc44hpooa332', 'ff220f11-7804-4667-b17d-243c6066ae8c', true, '2026-03-13 12:55:15.866436+00', '2026-03-14 10:46:01.701653+00', 'i5476smcmyuj', '27ddbd98-5cfe-4db9-bcd5-dbf186308add'),
	('00000000-0000-0000-0000-000000000000', 959, '6eou2qtbnca6', 'ebac33f8-7fc7-40ca-97ca-2112788265e7', true, '2026-04-19 11:09:09.77832+00', '2026-04-20 11:07:57.999044+00', 'trjngpc7pksy', '26dadeb6-cb4d-400f-bddb-cb929d7e2f59'),
	('00000000-0000-0000-0000-000000000000', 691, '4xo6o5zeg7i6', 'ff220f11-7804-4667-b17d-243c6066ae8c', true, '2026-03-31 14:27:52.280389+00', '2026-03-31 17:51:35.364291+00', 'rwhoun7fkcmc', '27ddbd98-5cfe-4db9-bcd5-dbf186308add'),
	('00000000-0000-0000-0000-000000000000', 432, 'soy5q2qepvvx', 'ff220f11-7804-4667-b17d-243c6066ae8c', true, '2026-03-26 08:09:30.630102+00', '2026-03-26 09:07:46.240997+00', '5woe3ycevtwm', '27ddbd98-5cfe-4db9-bcd5-dbf186308add'),
	('00000000-0000-0000-0000-000000000000', 969, 'kety3aa5acpy', '4928d9b5-ab36-4382-bec3-136edbef7314', true, '2026-04-20 06:17:42.24039+00', '2026-04-21 06:16:54.150255+00', 'sspji4jhtdmb', '9651164d-0f54-40ab-a6eb-4955eda08e9b'),
	('00000000-0000-0000-0000-000000000000', 437, 'o7krluz6vuvg', '4928d9b5-ab36-4382-bec3-136edbef7314', true, '2026-03-26 09:28:54.878371+00', '2026-03-26 10:27:35.182934+00', '27a2yvxnc5bh', '9651164d-0f54-40ab-a6eb-4955eda08e9b'),
	('00000000-0000-0000-0000-000000000000', 442, 'lrcmutnnxb3q', '4928d9b5-ab36-4382-bec3-136edbef7314', true, '2026-03-26 10:27:35.201315+00', '2026-03-26 12:09:53.856906+00', 'o7krluz6vuvg', '9651164d-0f54-40ab-a6eb-4955eda08e9b'),
	('00000000-0000-0000-0000-000000000000', 974, 'yaepgzlmliua', '4928d9b5-ab36-4382-bec3-136edbef7314', true, '2026-04-21 06:16:54.167653+00', '2026-04-22 06:15:43.773053+00', 'kety3aa5acpy', '9651164d-0f54-40ab-a6eb-4955eda08e9b'),
	('00000000-0000-0000-0000-000000000000', 446, 'zwqzmxvr4bp2', 'ff220f11-7804-4667-b17d-243c6066ae8c', true, '2026-03-26 12:41:41.999846+00', '2026-03-26 13:56:02.109357+00', '3xxowlheoi7f', '27ddbd98-5cfe-4db9-bcd5-dbf186308add'),
	('00000000-0000-0000-0000-000000000000', 222, 'lftdpx7nfcyp', 'ff220f11-7804-4667-b17d-243c6066ae8c', true, '2026-03-14 10:46:01.71601+00', '2026-03-14 13:36:47.789322+00', 'dc44hpooa332', '27ddbd98-5cfe-4db9-bcd5-dbf186308add'),
	('00000000-0000-0000-0000-000000000000', 611, '3i6du77f5awp', 'ff220f11-7804-4667-b17d-243c6066ae8c', true, '2026-03-30 13:04:48.200546+00', '2026-03-30 14:14:45.566168+00', '3emnfhwo76od', '27ddbd98-5cfe-4db9-bcd5-dbf186308add'),
	('00000000-0000-0000-0000-000000000000', 615, 'vid2lbv63j5c', '193a7fb6-3ef1-4b67-906d-e20b40c57a7e', true, '2026-03-30 13:56:33.817575+00', '2026-03-30 14:56:40.107647+00', 'iyt2xkci5dhk', 'a529dc18-830a-4f48-bbde-c2cd7ed829a4'),
	('00000000-0000-0000-0000-000000000000', 604, 'jdp26zwxolcs', '193a7fb6-3ef1-4b67-906d-e20b40c57a7e', true, '2026-03-30 11:51:20.567833+00', '2026-03-30 15:42:39.763874+00', 'euqyxyan44cs', 'fe8b0bd8-fe0e-4c25-b3bc-65c176389f30'),
	('00000000-0000-0000-0000-000000000000', 757, 'viytjkva5afc', '10d71f96-e8ba-48e7-be60-25fc0330fd17', true, '2026-04-02 04:21:24.35424+00', '2026-04-02 05:21:28.40115+00', '5ux2y3x6fhku', '8d1ed040-d189-4793-aac1-11f17846a7e6'),
	('00000000-0000-0000-0000-000000000000', 227, 'n7236pm4icxt', 'ff220f11-7804-4667-b17d-243c6066ae8c', true, '2026-03-14 13:36:47.814032+00', '2026-03-14 16:40:16.575716+00', 'lftdpx7nfcyp', '27ddbd98-5cfe-4db9-bcd5-dbf186308add'),
	('00000000-0000-0000-0000-000000000000', 743, 'tiv4duobbgll', '4928d9b5-ab36-4382-bec3-136edbef7314', true, '2026-04-01 16:21:30.553619+00', '2026-04-02 05:45:12.3318+00', '7hfu4oatg72t', '9651164d-0f54-40ab-a6eb-4955eda08e9b'),
	('00000000-0000-0000-0000-000000000000', 762, 'ifjive5syy5i', '10d71f96-e8ba-48e7-be60-25fc0330fd17', true, '2026-04-02 05:21:28.401599+00', '2026-04-02 06:21:32.559824+00', 'viytjkva5afc', '8d1ed040-d189-4793-aac1-11f17846a7e6'),
	('00000000-0000-0000-0000-000000000000', 764, 'eflew2dp4w5p', '4928d9b5-ab36-4382-bec3-136edbef7314', true, '2026-04-02 05:45:12.344795+00', '2026-04-02 06:52:44.260272+00', 'tiv4duobbgll', '9651164d-0f54-40ab-a6eb-4955eda08e9b'),
	('00000000-0000-0000-0000-000000000000', 765, '2l4nz3oqqm7x', '10d71f96-e8ba-48e7-be60-25fc0330fd17', true, '2026-04-02 06:21:32.573001+00', '2026-04-02 07:21:37.756752+00', 'ifjive5syy5i', '8d1ed040-d189-4793-aac1-11f17846a7e6'),
	('00000000-0000-0000-0000-000000000000', 740, 'h3fgpzmptsh5', 'ff220f11-7804-4667-b17d-243c6066ae8c', true, '2026-04-01 15:51:48.957667+00', '2026-04-02 07:53:39.149272+00', 'ujgq4whyy7uf', '27ddbd98-5cfe-4db9-bcd5-dbf186308add'),
	('00000000-0000-0000-0000-000000000000', 605, 'xygbqepknwyb', '193a7fb6-3ef1-4b67-906d-e20b40c57a7e', true, '2026-03-30 11:52:38.762561+00', '2026-04-05 13:45:45.875163+00', NULL, '7a608724-1a1c-4b12-b1f9-431c8bd754b7'),
	('00000000-0000-0000-0000-000000000000', 927, 'tju4hkqvlcu6', '193a7fb6-3ef1-4b67-906d-e20b40c57a7e', true, '2026-04-14 09:09:05.66817+00', '2026-04-15 09:43:16.880648+00', '6j6umt2ccqzu', '7a608724-1a1c-4b12-b1f9-431c8bd754b7'),
	('00000000-0000-0000-0000-000000000000', 936, 'n7g35gjk6hys', 'ebac33f8-7fc7-40ca-97ca-2112788265e7', false, '2026-04-16 06:51:15.563272+00', '2026-04-16 06:51:15.563272+00', NULL, '807e1811-a975-49ec-aec2-df1c8c1692a2'),
	('00000000-0000-0000-0000-000000000000', 767, 'svg7wfvhcm5s', '4928d9b5-ab36-4382-bec3-136edbef7314', true, '2026-04-02 06:52:44.277516+00', '2026-04-02 08:08:29.447336+00', 'eflew2dp4w5p', '9651164d-0f54-40ab-a6eb-4955eda08e9b'),
	('00000000-0000-0000-0000-000000000000', 769, '7qcmphch7r4t', '10d71f96-e8ba-48e7-be60-25fc0330fd17', true, '2026-04-02 07:21:37.768937+00', '2026-04-02 08:21:42.313553+00', '2l4nz3oqqm7x', '8d1ed040-d189-4793-aac1-11f17846a7e6'),
	('00000000-0000-0000-0000-000000000000', 944, 'sspji4jhtdmb', '4928d9b5-ab36-4382-bec3-136edbef7314', true, '2026-04-16 11:17:02.487156+00', '2026-04-20 06:17:42.223889+00', 'qmxaysizhx5o', '9651164d-0f54-40ab-a6eb-4955eda08e9b'),
	('00000000-0000-0000-0000-000000000000', 970, 'kwtl5xp7hoih', 'ebac33f8-7fc7-40ca-97ca-2112788265e7', false, '2026-04-20 06:53:43.003582+00', '2026-04-20 06:53:43.003582+00', NULL, '93ea8350-a2aa-4b13-b402-5fb5d6d40251'),
	('00000000-0000-0000-0000-000000000000', 965, 'txunam66fxpt', 'ebac33f8-7fc7-40ca-97ca-2112788265e7', true, '2026-04-20 04:40:17.143446+00', '2026-04-21 06:32:46.725485+00', NULL, '7db28fd5-dae6-420e-8b46-f70c7e7b04ac'),
	('00000000-0000-0000-0000-000000000000', 975, 'h3uht55o2lpc', 'ebac33f8-7fc7-40ca-97ca-2112788265e7', false, '2026-04-21 06:32:46.750316+00', '2026-04-21 06:32:46.750316+00', 'txunam66fxpt', '7db28fd5-dae6-420e-8b46-f70c7e7b04ac'),
	('00000000-0000-0000-0000-000000000000', 773, 'i5j4s3ej5jk4', '10d71f96-e8ba-48e7-be60-25fc0330fd17', true, '2026-04-02 08:21:42.322082+00', '2026-04-02 09:21:47.719523+00', '7qcmphch7r4t', '8d1ed040-d189-4793-aac1-11f17846a7e6'),
	('00000000-0000-0000-0000-000000000000', 950, 'aouiwcekxhwp', '10d71f96-e8ba-48e7-be60-25fc0330fd17', true, '2026-04-17 16:14:21.681635+00', '2026-04-21 11:02:20.835559+00', '3ec5dsavtpbi', '180e748d-cc82-4960-8a9b-ad9f65124d15'),
	('00000000-0000-0000-0000-000000000000', 983, 'z3jliwf7ndnz', 'ebac33f8-7fc7-40ca-97ca-2112788265e7', false, '2026-04-21 20:31:31.011712+00', '2026-04-21 20:31:31.011712+00', 'rz265ylgx5qy', '26dadeb6-cb4d-400f-bddb-cb929d7e2f59'),
	('00000000-0000-0000-0000-000000000000', 771, 'wnikcbto6uqn', 'ff220f11-7804-4667-b17d-243c6066ae8c', true, '2026-04-02 07:53:39.175456+00', '2026-04-02 10:08:26.681184+00', 'h3fgpzmptsh5', '27ddbd98-5cfe-4db9-bcd5-dbf186308add'),
	('00000000-0000-0000-0000-000000000000', 960, 'jrfqgajidbg3', 'ebac33f8-7fc7-40ca-97ca-2112788265e7', true, '2026-04-19 11:10:43.773839+00', '2026-04-21 20:37:55.963025+00', NULL, '96872b4d-fe06-4cc4-b363-9ecf5c3c838d'),
	('00000000-0000-0000-0000-000000000000', 979, 'lb5tbnjfymys', 'ebac33f8-7fc7-40ca-97ca-2112788265e7', true, '2026-04-21 09:27:23.382662+00', '2026-04-22 09:26:52.705043+00', NULL, 'fb1bcadd-b75a-4b78-b042-a65c7d950586'),
	('00000000-0000-0000-0000-000000000000', 987, '53dleeiubc4t', 'ebac33f8-7fc7-40ca-97ca-2112788265e7', false, '2026-04-22 09:26:52.714998+00', '2026-04-22 09:26:52.714998+00', 'lb5tbnjfymys', 'fb1bcadd-b75a-4b78-b042-a65c7d950586'),
	('00000000-0000-0000-0000-000000000000', 776, 'a67f6babncci', '10d71f96-e8ba-48e7-be60-25fc0330fd17', true, '2026-04-02 09:21:47.720006+00', '2026-04-02 10:21:52.927598+00', 'i5j4s3ej5jk4', '8d1ed040-d189-4793-aac1-11f17846a7e6'),
	('00000000-0000-0000-0000-000000000000', 991, 'twdbn473b4d2', 'ff220f11-7804-4667-b17d-243c6066ae8c', false, '2026-04-22 13:04:15.619975+00', '2026-04-22 13:04:15.619975+00', 'wsqw3ain5yxt', '27ddbd98-5cfe-4db9-bcd5-dbf186308add'),
	('00000000-0000-0000-0000-000000000000', 780, '26toeti3s5nl', '10d71f96-e8ba-48e7-be60-25fc0330fd17', true, '2026-04-02 10:21:52.939185+00', '2026-04-02 11:21:59.035813+00', 'a67f6babncci', '8d1ed040-d189-4793-aac1-11f17846a7e6'),
	('00000000-0000-0000-0000-000000000000', 781, '2g7c4ojfwhsw', '10d71f96-e8ba-48e7-be60-25fc0330fd17', true, '2026-04-02 11:21:59.049566+00', '2026-04-02 12:22:04.274728+00', '26toeti3s5nl', '8d1ed040-d189-4793-aac1-11f17846a7e6'),
	('00000000-0000-0000-0000-000000000000', 772, 'suuaggwlkntq', '4928d9b5-ab36-4382-bec3-136edbef7314', true, '2026-04-02 08:08:29.462342+00', '2026-04-02 13:06:46.393251+00', 'svg7wfvhcm5s', '9651164d-0f54-40ab-a6eb-4955eda08e9b'),
	('00000000-0000-0000-0000-000000000000', 782, 'tuv7azx24kmh', '10d71f96-e8ba-48e7-be60-25fc0330fd17', true, '2026-04-02 12:22:04.282245+00', '2026-04-02 13:22:09.164993+00', '2g7c4ojfwhsw', '8d1ed040-d189-4793-aac1-11f17846a7e6'),
	('00000000-0000-0000-0000-000000000000', 778, 'd54d27is5lra', 'ff220f11-7804-4667-b17d-243c6066ae8c', true, '2026-04-02 10:08:26.695349+00', '2026-04-02 14:10:04.916169+00', 'wnikcbto6uqn', '27ddbd98-5cfe-4db9-bcd5-dbf186308add'),
	('00000000-0000-0000-0000-000000000000', 784, '5cexp7ocv6xi', '10d71f96-e8ba-48e7-be60-25fc0330fd17', true, '2026-04-02 13:22:09.172801+00', '2026-04-02 14:22:14.172831+00', 'tuv7azx24kmh', '8d1ed040-d189-4793-aac1-11f17846a7e6'),
	('00000000-0000-0000-0000-000000000000', 783, 'garuobdtzlgz', '4928d9b5-ab36-4382-bec3-136edbef7314', true, '2026-04-02 13:06:46.400434+00', '2026-04-02 15:21:28.53848+00', 'suuaggwlkntq', '9651164d-0f54-40ab-a6eb-4955eda08e9b'),
	('00000000-0000-0000-0000-000000000000', 788, 'hoewl5dfivrp', '10d71f96-e8ba-48e7-be60-25fc0330fd17', true, '2026-04-02 14:22:14.183987+00', '2026-04-02 15:22:18.580785+00', '5cexp7ocv6xi', '8d1ed040-d189-4793-aac1-11f17846a7e6'),
	('00000000-0000-0000-0000-000000000000', 791, 'mj3cfa6rx42g', '10d71f96-e8ba-48e7-be60-25fc0330fd17', true, '2026-04-02 15:22:18.581336+00', '2026-04-02 16:22:27.219361+00', 'hoewl5dfivrp', '8d1ed040-d189-4793-aac1-11f17846a7e6'),
	('00000000-0000-0000-0000-000000000000', 793, 'zw7mookbplrc', '10d71f96-e8ba-48e7-be60-25fc0330fd17', true, '2026-04-02 16:22:27.228117+00', '2026-04-02 17:22:31.723852+00', 'mj3cfa6rx42g', '8d1ed040-d189-4793-aac1-11f17846a7e6'),
	('00000000-0000-0000-0000-000000000000', 795, 'yjdd6prznrdx', '10d71f96-e8ba-48e7-be60-25fc0330fd17', true, '2026-04-02 17:22:31.737116+00', '2026-04-02 18:22:36.864137+00', 'zw7mookbplrc', '8d1ed040-d189-4793-aac1-11f17846a7e6'),
	('00000000-0000-0000-0000-000000000000', 796, '2qvakm5qfb3s', '10d71f96-e8ba-48e7-be60-25fc0330fd17', true, '2026-04-02 18:22:36.880074+00', '2026-04-02 19:22:42.946499+00', 'yjdd6prznrdx', '8d1ed040-d189-4793-aac1-11f17846a7e6'),
	('00000000-0000-0000-0000-000000000000', 797, 'd5brbchsv5pr', '10d71f96-e8ba-48e7-be60-25fc0330fd17', true, '2026-04-02 19:22:42.956037+00', '2026-04-02 20:22:50.502112+00', '2qvakm5qfb3s', '8d1ed040-d189-4793-aac1-11f17846a7e6'),
	('00000000-0000-0000-0000-000000000000', 798, 'fnlokz4m3g3e', '10d71f96-e8ba-48e7-be60-25fc0330fd17', true, '2026-04-02 20:22:50.514809+00', '2026-04-02 21:22:56.159132+00', 'd5brbchsv5pr', '8d1ed040-d189-4793-aac1-11f17846a7e6'),
	('00000000-0000-0000-0000-000000000000', 799, 'qqkd4w24qauk', '10d71f96-e8ba-48e7-be60-25fc0330fd17', true, '2026-04-02 21:22:56.168033+00', '2026-04-02 22:23:04.019219+00', 'fnlokz4m3g3e', '8d1ed040-d189-4793-aac1-11f17846a7e6'),
	('00000000-0000-0000-0000-000000000000', 800, '76ercaao4yry', '10d71f96-e8ba-48e7-be60-25fc0330fd17', true, '2026-04-02 22:23:04.034235+00', '2026-04-02 23:23:11.736939+00', 'qqkd4w24qauk', '8d1ed040-d189-4793-aac1-11f17846a7e6'),
	('00000000-0000-0000-0000-000000000000', 801, 'chispmaisu56', '10d71f96-e8ba-48e7-be60-25fc0330fd17', true, '2026-04-02 23:23:11.747245+00', '2026-04-03 00:23:17.371367+00', '76ercaao4yry', '8d1ed040-d189-4793-aac1-11f17846a7e6'),
	('00000000-0000-0000-0000-000000000000', 802, 'vlngy76xd5h7', '10d71f96-e8ba-48e7-be60-25fc0330fd17', true, '2026-04-03 00:23:17.383713+00', '2026-04-04 18:42:04.909906+00', 'chispmaisu56', '8d1ed040-d189-4793-aac1-11f17846a7e6'),
	('00000000-0000-0000-0000-000000000000', 810, 'nxhy552ydi7d', '10d71f96-e8ba-48e7-be60-25fc0330fd17', true, '2026-04-04 18:42:04.923163+00', '2026-04-05 14:09:27.542805+00', 'vlngy76xd5h7', '8d1ed040-d189-4793-aac1-11f17846a7e6'),
	('00000000-0000-0000-0000-000000000000', 813, 'nv63wpn3z4ue', '193a7fb6-3ef1-4b67-906d-e20b40c57a7e', true, '2026-04-05 13:45:45.887903+00', '2026-04-05 14:44:00.285634+00', 'xygbqepknwyb', '7a608724-1a1c-4b12-b1f9-431c8bd754b7'),
	('00000000-0000-0000-0000-000000000000', 814, 'irr367fvyz6s', '10d71f96-e8ba-48e7-be60-25fc0330fd17', true, '2026-04-05 14:09:27.564691+00', '2026-04-05 15:09:33.512541+00', 'nxhy552ydi7d', '8d1ed040-d189-4793-aac1-11f17846a7e6'),
	('00000000-0000-0000-0000-000000000000', 815, 'l4t6vuupspq7', '193a7fb6-3ef1-4b67-906d-e20b40c57a7e', true, '2026-04-05 14:44:00.313837+00', '2026-04-05 15:42:09.997176+00', 'nv63wpn3z4ue', '7a608724-1a1c-4b12-b1f9-431c8bd754b7'),
	('00000000-0000-0000-0000-000000000000', 816, 'vpncspr5vus5', '10d71f96-e8ba-48e7-be60-25fc0330fd17', true, '2026-04-05 15:09:33.530524+00', '2026-04-05 16:09:38.073637+00', 'irr367fvyz6s', '8d1ed040-d189-4793-aac1-11f17846a7e6'),
	('00000000-0000-0000-0000-000000000000', 787, 'hkql56gfldo3', 'ff220f11-7804-4667-b17d-243c6066ae8c', true, '2026-04-02 14:10:04.931858+00', '2026-04-07 05:55:41.134008+00', 'd54d27is5lra', '27ddbd98-5cfe-4db9-bcd5-dbf186308add'),
	('00000000-0000-0000-0000-000000000000', 836, 'v63g4itmsoni', 'ff220f11-7804-4667-b17d-243c6066ae8c', true, '2026-04-07 12:10:15.221075+00', '2026-04-07 13:54:02.509041+00', 'ornndl73t6tl', '27ddbd98-5cfe-4db9-bcd5-dbf186308add'),
	('00000000-0000-0000-0000-000000000000', 818, '66hx5f37o4dc', '10d71f96-e8ba-48e7-be60-25fc0330fd17', true, '2026-04-05 16:09:38.085991+00', '2026-04-05 17:09:42.978715+00', 'vpncspr5vus5', '8d1ed040-d189-4793-aac1-11f17846a7e6'),
	('00000000-0000-0000-0000-000000000000', 819, 'cokekfff6sej', '10d71f96-e8ba-48e7-be60-25fc0330fd17', true, '2026-04-05 17:09:42.989296+00', '2026-04-05 18:09:49.0463+00', '66hx5f37o4dc', '8d1ed040-d189-4793-aac1-11f17846a7e6'),
	('00000000-0000-0000-0000-000000000000', 834, 'tu3ubwpmtkgr', '193a7fb6-3ef1-4b67-906d-e20b40c57a7e', true, '2026-04-07 11:33:05.305768+00', '2026-04-07 15:30:02.202298+00', 'q3x5emqjyqem', '7a608724-1a1c-4b12-b1f9-431c8bd754b7'),
	('00000000-0000-0000-0000-000000000000', 820, 'gz2wu7k2ljt2', '10d71f96-e8ba-48e7-be60-25fc0330fd17', true, '2026-04-05 18:09:49.057873+00', '2026-04-05 19:12:38.371719+00', 'cokekfff6sej', '8d1ed040-d189-4793-aac1-11f17846a7e6'),
	('00000000-0000-0000-0000-000000000000', 821, 'y5ays4k53c2j', '10d71f96-e8ba-48e7-be60-25fc0330fd17', true, '2026-04-05 19:12:38.386302+00', '2026-04-05 20:12:45.364+00', 'gz2wu7k2ljt2', '8d1ed040-d189-4793-aac1-11f17846a7e6'),
	('00000000-0000-0000-0000-000000000000', 840, 'unc22vmwl5jd', 'ff220f11-7804-4667-b17d-243c6066ae8c', true, '2026-04-07 13:54:02.533665+00', '2026-04-07 15:30:31.25807+00', 'v63g4itmsoni', '27ddbd98-5cfe-4db9-bcd5-dbf186308add'),
	('00000000-0000-0000-0000-000000000000', 822, '43p6o4dkkc4g', '10d71f96-e8ba-48e7-be60-25fc0330fd17', true, '2026-04-05 20:12:45.39216+00', '2026-04-05 21:12:52.250979+00', 'y5ays4k53c2j', '8d1ed040-d189-4793-aac1-11f17846a7e6'),
	('00000000-0000-0000-0000-000000000000', 928, 'rnwcaqs6rbzn', 'ebac33f8-7fc7-40ca-97ca-2112788265e7', true, '2026-04-14 09:55:32.524174+00', '2026-04-17 12:27:19.456518+00', NULL, '848e2d93-46f0-40f9-989b-666952a7ca84'),
	('00000000-0000-0000-0000-000000000000', 823, 'hx6xgaveqbzz', '10d71f96-e8ba-48e7-be60-25fc0330fd17', true, '2026-04-05 21:12:52.267869+00', '2026-04-05 22:12:57.611713+00', '43p6o4dkkc4g', '8d1ed040-d189-4793-aac1-11f17846a7e6'),
	('00000000-0000-0000-0000-000000000000', 937, '3ec5dsavtpbi', '10d71f96-e8ba-48e7-be60-25fc0330fd17', true, '2026-04-16 07:51:06.190144+00', '2026-04-17 16:14:21.660113+00', 'qw5enapkwl2j', '180e748d-cc82-4960-8a9b-ad9f65124d15'),
	('00000000-0000-0000-0000-000000000000', 824, 'jj7yal4su54n', '10d71f96-e8ba-48e7-be60-25fc0330fd17', true, '2026-04-05 22:12:57.622816+00', '2026-04-05 23:13:02.947142+00', 'hx6xgaveqbzz', '8d1ed040-d189-4793-aac1-11f17846a7e6'),
	('00000000-0000-0000-0000-000000000000', 951, 'gj7bk77qsb6v', 'ebac33f8-7fc7-40ca-97ca-2112788265e7', false, '2026-04-18 06:25:10.066698+00', '2026-04-18 06:25:10.066698+00', NULL, '579faed3-35c9-4cbb-9ab5-ad34c5484ad6'),
	('00000000-0000-0000-0000-000000000000', 825, 'mlybckkcvv5x', '10d71f96-e8ba-48e7-be60-25fc0330fd17', true, '2026-04-05 23:13:02.961918+00', '2026-04-06 00:13:07.845805+00', 'jj7yal4su54n', '8d1ed040-d189-4793-aac1-11f17846a7e6'),
	('00000000-0000-0000-0000-000000000000', 844, '3fyquoymnbdr', 'ff220f11-7804-4667-b17d-243c6066ae8c', true, '2026-04-07 15:30:31.279984+00', '2026-04-08 05:36:08.482169+00', 'unc22vmwl5jd', '27ddbd98-5cfe-4db9-bcd5-dbf186308add'),
	('00000000-0000-0000-0000-000000000000', 817, '2t73cnj7v3to', '193a7fb6-3ef1-4b67-906d-e20b40c57a7e', true, '2026-04-05 15:42:10.016929+00', '2026-04-06 06:02:48.521692+00', 'l4t6vuupspq7', '7a608724-1a1c-4b12-b1f9-431c8bd754b7'),
	('00000000-0000-0000-0000-000000000000', 961, 'kzo53sgo6yo3', 'ebac33f8-7fc7-40ca-97ca-2112788265e7', false, '2026-04-19 12:05:34.551533+00', '2026-04-19 12:05:34.551533+00', 'qobuhal2brj4', '848e2d93-46f0-40f9-989b-666952a7ca84'),
	('00000000-0000-0000-0000-000000000000', 826, 'oydkxcjvxkav', '10d71f96-e8ba-48e7-be60-25fc0330fd17', true, '2026-04-06 00:13:07.86194+00', '2026-04-06 11:55:23.796521+00', 'mlybckkcvv5x', '8d1ed040-d189-4793-aac1-11f17846a7e6'),
	('00000000-0000-0000-0000-000000000000', 828, '4ejfjdpx7lvn', '10d71f96-e8ba-48e7-be60-25fc0330fd17', false, '2026-04-06 11:55:23.820912+00', '2026-04-06 11:55:23.820912+00', 'oydkxcjvxkav', '8d1ed040-d189-4793-aac1-11f17846a7e6'),
	('00000000-0000-0000-0000-000000000000', 966, 'torhiolbg5bq', 'ebac33f8-7fc7-40ca-97ca-2112788265e7', false, '2026-04-20 04:50:44.310739+00', '2026-04-20 04:50:44.310739+00', NULL, '55f600bb-f0b7-42fd-8171-b92f5ff85dfb'),
	('00000000-0000-0000-0000-000000000000', 843, 'ooqj7ou43rip', '193a7fb6-3ef1-4b67-906d-e20b40c57a7e', true, '2026-04-07 15:30:02.221615+00', '2026-04-08 06:39:20.055015+00', 'tu3ubwpmtkgr', '7a608724-1a1c-4b12-b1f9-431c8bd754b7'),
	('00000000-0000-0000-0000-000000000000', 827, 'fguykaixmaag', '193a7fb6-3ef1-4b67-906d-e20b40c57a7e', true, '2026-04-06 06:02:48.546805+00', '2026-04-07 06:32:26.655686+00', '2t73cnj7v3to', '7a608724-1a1c-4b12-b1f9-431c8bd754b7'),
	('00000000-0000-0000-0000-000000000000', 945, 'cqtwmpn5u2op', '193a7fb6-3ef1-4b67-906d-e20b40c57a7e', true, '2026-04-16 13:45:15.813044+00', '2026-04-20 14:21:24.652645+00', 'jfaq3zrq766t', '7a608724-1a1c-4b12-b1f9-431c8bd754b7'),
	('00000000-0000-0000-0000-000000000000', 831, 'wercrso567bx', 'ff220f11-7804-4667-b17d-243c6066ae8c', true, '2026-04-07 05:55:41.155525+00', '2026-04-07 08:23:22.546049+00', 'hkql56gfldo3', '27ddbd98-5cfe-4db9-bcd5-dbf186308add'),
	('00000000-0000-0000-0000-000000000000', 846, 'fjdkjgpluufr', 'ff220f11-7804-4667-b17d-243c6066ae8c', true, '2026-04-08 05:36:08.493535+00', '2026-04-08 06:41:49.98652+00', '3fyquoymnbdr', '27ddbd98-5cfe-4db9-bcd5-dbf186308add'),
	('00000000-0000-0000-0000-000000000000', 832, 'q3x5emqjyqem', '193a7fb6-3ef1-4b67-906d-e20b40c57a7e', true, '2026-04-07 06:32:26.677887+00', '2026-04-07 11:33:05.285795+00', 'fguykaixmaag', '7a608724-1a1c-4b12-b1f9-431c8bd754b7'),
	('00000000-0000-0000-0000-000000000000', 976, 'idxt6dmzfxmm', 'ebac33f8-7fc7-40ca-97ca-2112788265e7', false, '2026-04-21 06:55:09.181762+00', '2026-04-21 06:55:09.181762+00', NULL, '72eba259-1ed1-451b-aa74-0fa3239bb204'),
	('00000000-0000-0000-0000-000000000000', 833, 'ornndl73t6tl', 'ff220f11-7804-4667-b17d-243c6066ae8c', true, '2026-04-07 08:23:22.567127+00', '2026-04-07 12:10:15.208712+00', 'wercrso567bx', '27ddbd98-5cfe-4db9-bcd5-dbf186308add'),
	('00000000-0000-0000-0000-000000000000', 971, 'rz265ylgx5qy', 'ebac33f8-7fc7-40ca-97ca-2112788265e7', true, '2026-04-20 11:07:58.015243+00', '2026-04-21 20:31:30.990495+00', '6eou2qtbnca6', '26dadeb6-cb4d-400f-bddb-cb929d7e2f59'),
	('00000000-0000-0000-0000-000000000000', 988, 'jeqq4ces6pwd', '193a7fb6-3ef1-4b67-906d-e20b40c57a7e', false, '2026-04-22 10:02:52.410498+00', '2026-04-22 10:02:52.410498+00', 'a5orl6vq5exh', '7a608724-1a1c-4b12-b1f9-431c8bd754b7'),
	('00000000-0000-0000-0000-000000000000', 790, 'ozuox425tq45', '4928d9b5-ab36-4382-bec3-136edbef7314', true, '2026-04-02 15:21:28.549729+00', '2026-04-08 06:46:10.829244+00', 'garuobdtzlgz', '9651164d-0f54-40ab-a6eb-4955eda08e9b'),
	('00000000-0000-0000-0000-000000000000', 980, '7l4fy7iy7h6p', 'ebac33f8-7fc7-40ca-97ca-2112788265e7', true, '2026-04-21 10:57:21.869674+00', '2026-04-22 11:01:09.141379+00', 'rbduamdweqid', 'c28c4730-6101-4d41-b1d9-b29d6df35fd7'),
	('00000000-0000-0000-0000-000000000000', 847, '4h2kfbdpil6d', '193a7fb6-3ef1-4b67-906d-e20b40c57a7e', true, '2026-04-08 06:39:20.077008+00', '2026-04-08 07:37:23.364404+00', 'ooqj7ou43rip', '7a608724-1a1c-4b12-b1f9-431c8bd754b7'),
	('00000000-0000-0000-0000-000000000000', 984, 'ccx4vfh2k3e6', 'ebac33f8-7fc7-40ca-97ca-2112788265e7', true, '2026-04-21 20:37:55.981912+00', '2026-04-22 20:36:52.609028+00', 'jrfqgajidbg3', '96872b4d-fe06-4cc4-b363-9ecf5c3c838d'),
	('00000000-0000-0000-0000-000000000000', 992, 'h2vsn6bj2lvz', 'ebac33f8-7fc7-40ca-97ca-2112788265e7', false, '2026-04-22 20:36:52.625921+00', '2026-04-22 20:36:52.625921+00', 'ccx4vfh2k3e6', '96872b4d-fe06-4cc4-b363-9ecf5c3c838d'),
	('00000000-0000-0000-0000-000000000000', 849, 'j4ivcbcciwhb', '4928d9b5-ab36-4382-bec3-136edbef7314', true, '2026-04-08 06:46:10.843451+00', '2026-04-08 08:17:32.752364+00', 'ozuox425tq45', '9651164d-0f54-40ab-a6eb-4955eda08e9b'),
	('00000000-0000-0000-0000-000000000000', 848, '5qg6m5ymhoqw', 'ff220f11-7804-4667-b17d-243c6066ae8c', true, '2026-04-08 06:41:49.993241+00', '2026-04-08 08:17:55.46667+00', 'fjdkjgpluufr', '27ddbd98-5cfe-4db9-bcd5-dbf186308add'),
	('00000000-0000-0000-0000-000000000000', 853, 'emmmbbbfkyjr', '4928d9b5-ab36-4382-bec3-136edbef7314', true, '2026-04-08 08:17:32.768509+00', '2026-04-08 09:34:36.065921+00', 'j4ivcbcciwhb', '9651164d-0f54-40ab-a6eb-4955eda08e9b'),
	('00000000-0000-0000-0000-000000000000', 856, 'cmmrhcbmsbfb', '4928d9b5-ab36-4382-bec3-136edbef7314', true, '2026-04-08 09:34:36.080215+00', '2026-04-08 12:05:09.514153+00', 'emmmbbbfkyjr', '9651164d-0f54-40ab-a6eb-4955eda08e9b'),
	('00000000-0000-0000-0000-000000000000', 854, 'g3x43w57734j', 'ff220f11-7804-4667-b17d-243c6066ae8c', true, '2026-04-08 08:17:55.468045+00', '2026-04-08 14:49:26.736249+00', '5qg6m5ymhoqw', '27ddbd98-5cfe-4db9-bcd5-dbf186308add'),
	('00000000-0000-0000-0000-000000000000', 850, 'kqru4efqwlne', '193a7fb6-3ef1-4b67-906d-e20b40c57a7e', true, '2026-04-08 07:37:23.37932+00', '2026-04-08 16:03:03.67463+00', '4h2kfbdpil6d', '7a608724-1a1c-4b12-b1f9-431c8bd754b7'),
	('00000000-0000-0000-0000-000000000000', 857, 'u6p3og4chpep', '4928d9b5-ab36-4382-bec3-136edbef7314', true, '2026-04-08 12:05:09.530784+00', '2026-04-08 16:04:32.590127+00', 'cmmrhcbmsbfb', '9651164d-0f54-40ab-a6eb-4955eda08e9b'),
	('00000000-0000-0000-0000-000000000000', 859, '6cv334gaatxb', 'ff220f11-7804-4667-b17d-243c6066ae8c', true, '2026-04-08 14:49:26.748974+00', '2026-04-08 20:03:28.339658+00', 'g3x43w57734j', '27ddbd98-5cfe-4db9-bcd5-dbf186308add'),
	('00000000-0000-0000-0000-000000000000', 862, 'xn4nbvpvf5sz', '4928d9b5-ab36-4382-bec3-136edbef7314', true, '2026-04-08 16:04:32.590956+00', '2026-04-09 05:58:44.577176+00', 'u6p3og4chpep', '9651164d-0f54-40ab-a6eb-4955eda08e9b'),
	('00000000-0000-0000-0000-000000000000', 865, 'exq7bvvsbs2c', '4928d9b5-ab36-4382-bec3-136edbef7314', true, '2026-04-09 05:58:44.590009+00', '2026-04-09 08:04:41.454395+00', 'xn4nbvpvf5sz', '9651164d-0f54-40ab-a6eb-4955eda08e9b'),
	('00000000-0000-0000-0000-000000000000', 864, '5ff3neqjqbfb', 'ff220f11-7804-4667-b17d-243c6066ae8c', true, '2026-04-08 20:03:28.362425+00', '2026-04-09 09:08:26.79567+00', '6cv334gaatxb', '27ddbd98-5cfe-4db9-bcd5-dbf186308add'),
	('00000000-0000-0000-0000-000000000000', 866, '3fofazavqihd', '4928d9b5-ab36-4382-bec3-136edbef7314', true, '2026-04-09 08:04:41.468146+00', '2026-04-09 09:15:19.101777+00', 'exq7bvvsbs2c', '9651164d-0f54-40ab-a6eb-4955eda08e9b'),
	('00000000-0000-0000-0000-000000000000', 861, '3ohlqqh46ysz', '193a7fb6-3ef1-4b67-906d-e20b40c57a7e', true, '2026-04-08 16:03:03.68847+00', '2026-04-09 13:21:05.974511+00', 'kqru4efqwlne', '7a608724-1a1c-4b12-b1f9-431c8bd754b7'),
	('00000000-0000-0000-0000-000000000000', 915, 'zst7caznnugd', 'ff220f11-7804-4667-b17d-243c6066ae8c', true, '2026-04-13 07:45:00.507047+00', '2026-04-14 07:53:55.030211+00', 'q6fjjn6yhra3', '27ddbd98-5cfe-4db9-bcd5-dbf186308add'),
	('00000000-0000-0000-0000-000000000000', 883, '6j6umt2ccqzu', '193a7fb6-3ef1-4b67-906d-e20b40c57a7e', true, '2026-04-09 15:17:27.471079+00', '2026-04-14 09:09:05.648794+00', 'grdbcurtyqnm', '7a608724-1a1c-4b12-b1f9-431c8bd754b7'),
	('00000000-0000-0000-0000-000000000000', 916, 'ep54nbdvav63', '4928d9b5-ab36-4382-bec3-136edbef7314', true, '2026-04-13 08:20:34.094292+00', '2026-04-14 11:18:51.672915+00', 'd3zpx7kxid5e', '9651164d-0f54-40ab-a6eb-4955eda08e9b'),
	('00000000-0000-0000-0000-000000000000', 871, '4z5odxrlis4r', 'ff220f11-7804-4667-b17d-243c6066ae8c', false, '2026-04-09 11:15:17.481143+00', '2026-04-09 11:15:17.481143+00', NULL, 'a92fea2a-451d-4017-bb6c-e1d3b3ee676e'),
	('00000000-0000-0000-0000-000000000000', 868, '2dmnkyv3q47l', 'ff220f11-7804-4667-b17d-243c6066ae8c', true, '2026-04-09 09:08:26.810806+00', '2026-04-09 11:19:39.803855+00', '5ff3neqjqbfb', '27ddbd98-5cfe-4db9-bcd5-dbf186308add'),
	('00000000-0000-0000-0000-000000000000', 929, 'wdpz3kik5kqs', '4928d9b5-ab36-4382-bec3-136edbef7314', true, '2026-04-14 11:18:51.691081+00', '2026-04-15 11:18:07.16466+00', 'ep54nbdvav63', '9651164d-0f54-40ab-a6eb-4955eda08e9b'),
	('00000000-0000-0000-0000-000000000000', 938, 'gxzuupfnkfig', 'ebac33f8-7fc7-40ca-97ca-2112788265e7', false, '2026-04-16 08:40:47.008733+00', '2026-04-16 08:40:47.008733+00', NULL, '17bd976a-9fda-47d4-8fd1-4a54039b1748'),
	('00000000-0000-0000-0000-000000000000', 869, 'ote4yrgralg5', '4928d9b5-ab36-4382-bec3-136edbef7314', true, '2026-04-09 09:15:19.117945+00', '2026-04-09 11:36:26.909721+00', '3fofazavqihd', '9651164d-0f54-40ab-a6eb-4955eda08e9b'),
	('00000000-0000-0000-0000-000000000000', 952, 'zhqft2gub35u', 'ebac33f8-7fc7-40ca-97ca-2112788265e7', false, '2026-04-18 06:26:18.44769+00', '2026-04-18 06:26:18.44769+00', NULL, '2a288a4f-dfe3-4dd2-ae6c-cdd2ffdca939'),
	('00000000-0000-0000-0000-000000000000', 953, '2jzs2ctbhteo', 'ebac33f8-7fc7-40ca-97ca-2112788265e7', false, '2026-04-18 06:26:26.215151+00', '2026-04-18 06:26:26.215151+00', NULL, '848e1b07-1ad3-4b07-bee5-c2e500112dcc'),
	('00000000-0000-0000-0000-000000000000', 872, 'rg3hkh3t625g', 'ff220f11-7804-4667-b17d-243c6066ae8c', true, '2026-04-09 11:19:39.819204+00', '2026-04-09 13:17:04.518629+00', '2dmnkyv3q47l', '27ddbd98-5cfe-4db9-bcd5-dbf186308add'),
	('00000000-0000-0000-0000-000000000000', 954, 'k2ip3k323zs3', 'ebac33f8-7fc7-40ca-97ca-2112788265e7', false, '2026-04-18 06:26:27.279914+00', '2026-04-18 06:26:27.279914+00', NULL, 'edd814fa-03d6-4ae7-bb18-360221116aa1'),
	('00000000-0000-0000-0000-000000000000', 878, 'terghqrfvtxi', '193a7fb6-3ef1-4b67-906d-e20b40c57a7e', true, '2026-04-09 13:21:05.979015+00', '2026-04-09 14:19:16.510012+00', '3ohlqqh46ysz', '7a608724-1a1c-4b12-b1f9-431c8bd754b7'),
	('00000000-0000-0000-0000-000000000000', 956, 'lbcz2jtjuzhl', 'ebac33f8-7fc7-40ca-97ca-2112788265e7', false, '2026-04-18 06:26:56.701262+00', '2026-04-18 06:26:56.701262+00', NULL, '67869aaf-4a90-43da-bb47-7eaba38eb3cf'),
	('00000000-0000-0000-0000-000000000000', 877, 'q3nmtyxfjsjs', 'ff220f11-7804-4667-b17d-243c6066ae8c', true, '2026-04-09 13:17:04.53343+00', '2026-04-09 14:22:25.371851+00', 'rg3hkh3t625g', '27ddbd98-5cfe-4db9-bcd5-dbf186308add'),
	('00000000-0000-0000-0000-000000000000', 946, 'ej6oxcti3rkd', 'ff220f11-7804-4667-b17d-243c6066ae8c', true, '2026-04-17 09:11:35.663988+00', '2026-04-19 13:07:05.780529+00', 'zmu4ov3dgnj4', '27ddbd98-5cfe-4db9-bcd5-dbf186308add'),
	('00000000-0000-0000-0000-000000000000', 875, '2hw336sjhbw6', '4928d9b5-ab36-4382-bec3-136edbef7314', true, '2026-04-09 11:36:26.928072+00', '2026-04-09 14:25:25.009444+00', 'ote4yrgralg5', '9651164d-0f54-40ab-a6eb-4955eda08e9b'),
	('00000000-0000-0000-0000-000000000000', 955, 'wsqmbflkf3ms', 'ebac33f8-7fc7-40ca-97ca-2112788265e7', true, '2026-04-18 06:26:31.51687+00', '2026-04-20 05:00:56.515563+00', NULL, '3ac1ccbd-82e7-4c00-86ec-72c5b805e89d'),
	('00000000-0000-0000-0000-000000000000', 967, 'bofinhcmq64g', 'ebac33f8-7fc7-40ca-97ca-2112788265e7', false, '2026-04-20 05:00:56.54224+00', '2026-04-20 05:00:56.54224+00', 'wsqmbflkf3ms', '3ac1ccbd-82e7-4c00-86ec-72c5b805e89d'),
	('00000000-0000-0000-0000-000000000000', 879, 'grdbcurtyqnm', '193a7fb6-3ef1-4b67-906d-e20b40c57a7e', true, '2026-04-09 14:19:16.526447+00', '2026-04-09 15:17:27.456642+00', 'terghqrfvtxi', '7a608724-1a1c-4b12-b1f9-431c8bd754b7'),
	('00000000-0000-0000-0000-000000000000', 881, 'ygnbrmlo7dtr', '4928d9b5-ab36-4382-bec3-136edbef7314', true, '2026-04-09 14:25:25.019318+00', '2026-04-09 15:30:39.781646+00', '2hw336sjhbw6', '9651164d-0f54-40ab-a6eb-4955eda08e9b'),
	('00000000-0000-0000-0000-000000000000', 962, 'k4fuht3jgsi7', 'ff220f11-7804-4667-b17d-243c6066ae8c', true, '2026-04-19 13:07:05.798714+00', '2026-04-20 13:06:22.604887+00', 'ej6oxcti3rkd', '27ddbd98-5cfe-4db9-bcd5-dbf186308add'),
	('00000000-0000-0000-0000-000000000000', 880, 'icc257helwgc', 'ff220f11-7804-4667-b17d-243c6066ae8c', true, '2026-04-09 14:22:25.378856+00', '2026-04-09 17:11:16.24257+00', 'q3nmtyxfjsjs', '27ddbd98-5cfe-4db9-bcd5-dbf186308add'),
	('00000000-0000-0000-0000-000000000000', 885, 'xidyn5dmqbc7', 'ff220f11-7804-4667-b17d-243c6066ae8c', true, '2026-04-09 17:11:16.264897+00', '2026-04-09 19:26:42.451608+00', 'icc257helwgc', '27ddbd98-5cfe-4db9-bcd5-dbf186308add'),
	('00000000-0000-0000-0000-000000000000', 977, 'scotu33piiwk', 'ebac33f8-7fc7-40ca-97ca-2112788265e7', false, '2026-04-21 08:23:11.772237+00', '2026-04-21 08:23:11.772237+00', NULL, 'b104e10d-5054-4a58-81c5-0643bac04b52'),
	('00000000-0000-0000-0000-000000000000', 884, 'pqyy7wudwfh6', '4928d9b5-ab36-4382-bec3-136edbef7314', true, '2026-04-09 15:30:39.799565+00', '2026-04-10 06:14:56.309635+00', 'ygnbrmlo7dtr', '9651164d-0f54-40ab-a6eb-4955eda08e9b'),
	('00000000-0000-0000-0000-000000000000', 981, 'dmj2ga7kxau7', '10d71f96-e8ba-48e7-be60-25fc0330fd17', false, '2026-04-21 11:02:20.849154+00', '2026-04-21 11:02:20.849154+00', 'aouiwcekxhwp', '180e748d-cc82-4960-8a9b-ad9f65124d15'),
	('00000000-0000-0000-0000-000000000000', 886, 'of7peohg2l3i', 'ff220f11-7804-4667-b17d-243c6066ae8c', true, '2026-04-09 19:26:42.474606+00', '2026-04-10 06:25:56.246632+00', 'xidyn5dmqbc7', '27ddbd98-5cfe-4db9-bcd5-dbf186308add'),
	('00000000-0000-0000-0000-000000000000', 972, '5a4o7m7pmn7x', 'ff220f11-7804-4667-b17d-243c6066ae8c', true, '2026-04-20 13:06:22.630337+00', '2026-04-21 13:04:55.082812+00', 'k4fuht3jgsi7', '27ddbd98-5cfe-4db9-bcd5-dbf186308add'),
	('00000000-0000-0000-0000-000000000000', 887, 'bsdp6qwu4zx2', '4928d9b5-ab36-4382-bec3-136edbef7314', true, '2026-04-10 06:14:56.342905+00', '2026-04-10 07:14:22.047371+00', 'pqyy7wudwfh6', '9651164d-0f54-40ab-a6eb-4955eda08e9b'),
	('00000000-0000-0000-0000-000000000000', 985, '2nf3udvcsyr2', '4928d9b5-ab36-4382-bec3-136edbef7314', false, '2026-04-22 06:15:43.796121+00', '2026-04-22 06:15:43.796121+00', 'yaepgzlmliua', '9651164d-0f54-40ab-a6eb-4955eda08e9b'),
	('00000000-0000-0000-0000-000000000000', 888, 'rnbqzc4hmgj5', 'ff220f11-7804-4667-b17d-243c6066ae8c', true, '2026-04-10 06:25:56.271432+00', '2026-04-10 07:24:23.277354+00', 'of7peohg2l3i', '27ddbd98-5cfe-4db9-bcd5-dbf186308add'),
	('00000000-0000-0000-0000-000000000000', 989, 'slowqrwgz7ce', 'ebac33f8-7fc7-40ca-97ca-2112788265e7', false, '2026-04-22 11:01:09.153495+00', '2026-04-22 11:01:09.153495+00', '7l4fy7iy7h6p', 'c28c4730-6101-4d41-b1d9-b29d6df35fd7'),
	('00000000-0000-0000-0000-000000000000', 889, 'z75mmb2izqtz', '4928d9b5-ab36-4382-bec3-136edbef7314', true, '2026-04-10 07:14:22.06937+00', '2026-04-10 08:32:26.428223+00', 'bsdp6qwu4zx2', '9651164d-0f54-40ab-a6eb-4955eda08e9b'),
	('00000000-0000-0000-0000-000000000000', 890, 'ft53ic5huwuw', 'ff220f11-7804-4667-b17d-243c6066ae8c', true, '2026-04-10 07:24:23.296718+00', '2026-04-10 08:58:25.26629+00', 'rnbqzc4hmgj5', '27ddbd98-5cfe-4db9-bcd5-dbf186308add'),
	('00000000-0000-0000-0000-000000000000', 892, 'aqq5y3rz7dzy', 'ff220f11-7804-4667-b17d-243c6066ae8c', true, '2026-04-10 08:58:25.278577+00', '2026-04-10 10:58:02.80526+00', 'ft53ic5huwuw', '27ddbd98-5cfe-4db9-bcd5-dbf186308add'),
	('00000000-0000-0000-0000-000000000000', 891, 'nsu676muc46h', '4928d9b5-ab36-4382-bec3-136edbef7314', true, '2026-04-10 08:32:26.441473+00', '2026-04-10 11:01:57.895598+00', 'z75mmb2izqtz', '9651164d-0f54-40ab-a6eb-4955eda08e9b'),
	('00000000-0000-0000-0000-000000000000', 893, 'wppxcalk24gq', 'ff220f11-7804-4667-b17d-243c6066ae8c', true, '2026-04-10 10:58:02.824642+00', '2026-04-10 12:43:43.42278+00', 'aqq5y3rz7dzy', '27ddbd98-5cfe-4db9-bcd5-dbf186308add'),
	('00000000-0000-0000-0000-000000000000', 894, '45tu7gxr7qh3', '4928d9b5-ab36-4382-bec3-136edbef7314', true, '2026-04-10 11:01:57.914072+00', '2026-04-10 12:44:25.540146+00', 'nsu676muc46h', '9651164d-0f54-40ab-a6eb-4955eda08e9b'),
	('00000000-0000-0000-0000-000000000000', 899, '4zru3c7z2ato', '4928d9b5-ab36-4382-bec3-136edbef7314', true, '2026-04-10 12:44:25.541479+00', '2026-04-10 13:46:25.160525+00', '45tu7gxr7qh3', '9651164d-0f54-40ab-a6eb-4955eda08e9b'),
	('00000000-0000-0000-0000-000000000000', 898, 'g3ttneymrwps', 'ff220f11-7804-4667-b17d-243c6066ae8c', true, '2026-04-10 12:43:43.42689+00', '2026-04-10 13:46:32.663108+00', 'wppxcalk24gq', '27ddbd98-5cfe-4db9-bcd5-dbf186308add'),
	('00000000-0000-0000-0000-000000000000', 902, 'ydfo6itozy44', 'ff220f11-7804-4667-b17d-243c6066ae8c', true, '2026-04-10 13:46:32.665557+00', '2026-04-10 14:45:39.118876+00', 'g3ttneymrwps', '27ddbd98-5cfe-4db9-bcd5-dbf186308add'),
	('00000000-0000-0000-0000-000000000000', 901, 'q43i3kgb753k', '4928d9b5-ab36-4382-bec3-136edbef7314', true, '2026-04-10 13:46:25.164639+00', '2026-04-10 15:10:23.560473+00', '4zru3c7z2ato', '9651164d-0f54-40ab-a6eb-4955eda08e9b'),
	('00000000-0000-0000-0000-000000000000', 904, 'oeopylddyw7g', 'ff220f11-7804-4667-b17d-243c6066ae8c', true, '2026-04-10 14:45:39.127465+00', '2026-04-11 06:58:35.20997+00', 'ydfo6itozy44', '27ddbd98-5cfe-4db9-bcd5-dbf186308add'),
	('00000000-0000-0000-0000-000000000000', 908, 'q6fjjn6yhra3', 'ff220f11-7804-4667-b17d-243c6066ae8c', true, '2026-04-11 06:58:35.220403+00', '2026-04-13 07:45:00.486188+00', 'oeopylddyw7g', '27ddbd98-5cfe-4db9-bcd5-dbf186308add'),
	('00000000-0000-0000-0000-000000000000', 906, 'd3zpx7kxid5e', '4928d9b5-ab36-4382-bec3-136edbef7314', true, '2026-04-10 15:10:23.58727+00', '2026-04-13 08:20:34.076943+00', 'q43i3kgb753k', '9651164d-0f54-40ab-a6eb-4955eda08e9b'),
	('00000000-0000-0000-0000-000000000000', 918, 'g3fu7ivil7iu', 'ff220f11-7804-4667-b17d-243c6066ae8c', false, '2026-04-13 15:16:54.760709+00', '2026-04-13 15:16:54.760709+00', NULL, 'c3ab00a0-b7a4-4986-ad16-5314e3c27bfa'),
	('00000000-0000-0000-0000-000000000000', 930, 'dfd5xwfmblyw', 'ebac33f8-7fc7-40ca-97ca-2112788265e7', true, '2026-04-15 05:54:55.533103+00', '2026-04-16 10:14:35.643404+00', 'ewn4sb5pnl7w', 'c28c4730-6101-4d41-b1d9-b29d6df35fd7'),
	('00000000-0000-0000-0000-000000000000', 939, 'zmu4ov3dgnj4', 'ff220f11-7804-4667-b17d-243c6066ae8c', true, '2026-04-16 09:11:35.2055+00', '2026-04-17 09:11:35.634473+00', 'ea5dwoaooim2', '27ddbd98-5cfe-4db9-bcd5-dbf186308add'),
	('00000000-0000-0000-0000-000000000000', 957, 'vqauq4ddjqz4', 'ebac33f8-7fc7-40ca-97ca-2112788265e7', false, '2026-04-18 06:35:57.572242+00', '2026-04-18 06:35:57.572242+00', NULL, 'eb530c71-56bb-4dc5-a2f2-5a7db3f372fa'),
	('00000000-0000-0000-0000-000000000000', 947, 'trjngpc7pksy', 'ebac33f8-7fc7-40ca-97ca-2112788265e7', true, '2026-04-17 09:23:26.582389+00', '2026-04-19 11:09:09.762807+00', 'ldcp2rgxvu23', '26dadeb6-cb4d-400f-bddb-cb929d7e2f59'),
	('00000000-0000-0000-0000-000000000000', 968, 'evdr2trg4w2j', 'ebac33f8-7fc7-40ca-97ca-2112788265e7', false, '2026-04-20 05:35:01.583642+00', '2026-04-20 05:35:01.583642+00', NULL, 'e57d9cf7-1860-43fc-8669-f223927ec4c8'),
	('00000000-0000-0000-0000-000000000000', 978, 'iucfgejffn2w', 'ebac33f8-7fc7-40ca-97ca-2112788265e7', false, '2026-04-21 09:15:08.341526+00', '2026-04-21 09:15:08.341526+00', NULL, '61ec94b5-1cf7-474b-8a50-cf5af60d8d51'),
	('00000000-0000-0000-0000-000000000000', 963, 'rbduamdweqid', 'ebac33f8-7fc7-40ca-97ca-2112788265e7', true, '2026-04-19 14:47:09.011871+00', '2026-04-21 10:57:21.848217+00', 'hw3qla4cjuuq', 'c28c4730-6101-4d41-b1d9-b29d6df35fd7'),
	('00000000-0000-0000-0000-000000000000', 986, 'eeo5rdj7lfot', 'ebac33f8-7fc7-40ca-97ca-2112788265e7', false, '2026-04-22 08:32:35.369301+00', '2026-04-22 08:32:35.369301+00', NULL, 'dd34ad63-80df-424b-a863-131ff85e852a'),
	('00000000-0000-0000-0000-000000000000', 973, 'a5orl6vq5exh', '193a7fb6-3ef1-4b67-906d-e20b40c57a7e', true, '2026-04-20 14:21:24.667569+00', '2026-04-22 10:02:52.39477+00', 'cqtwmpn5u2op', '7a608724-1a1c-4b12-b1f9-431c8bd754b7'),
	('00000000-0000-0000-0000-000000000000', 990, '5e2ivq4hzcw6', 'ebac33f8-7fc7-40ca-97ca-2112788265e7', false, '2026-04-22 12:16:23.742651+00', '2026-04-22 12:16:23.742651+00', NULL, '19e36a32-639b-43be-905c-d125c772af20'),
	('00000000-0000-0000-0000-000000000000', 982, 'wsqw3ain5yxt', 'ff220f11-7804-4667-b17d-243c6066ae8c', true, '2026-04-21 13:04:55.099374+00', '2026-04-22 13:04:15.60239+00', '5a4o7m7pmn7x', '27ddbd98-5cfe-4db9-bcd5-dbf186308add');


--
-- Data for Name: sso_providers; Type: TABLE DATA; Schema: auth; Owner: supabase_auth_admin
--



--
-- Data for Name: saml_providers; Type: TABLE DATA; Schema: auth; Owner: supabase_auth_admin
--



--
-- Data for Name: saml_relay_states; Type: TABLE DATA; Schema: auth; Owner: supabase_auth_admin
--



--
-- Data for Name: sso_domains; Type: TABLE DATA; Schema: auth; Owner: supabase_auth_admin
--

